usr_id,news_id,scan_time,news_title,content,publish_time
2184667,100649537,1394505792,404,,
451490,100658670,1396247392,404,,
451490,100655565,1395645724,404,,
2379359,100655565,1395649124,404,,
2379359,100649537,1394500412,404,,
6917492,100655565,1395641967,404,,
6917492,100649537,1394509185,404,,
3536829,100649537,1394500485,404,,
3536829,100648402,1394234650,404,,
3313315,100647243,1394094826,404,,
2019592,100649537,1394512950,404,,
6016727,100649537,1394533498,404,,
1759680,100649537,1394504217,404,,
2342628,100649537,1394501356,404,,
4245808,100648402,1394277974,404,,
4474979,100648402,1394234938,404,,
6152398,100649537,1394522814,404,,
264260,100647243,1394083821,404,,
3857167,100647383,1394150957,404,,
334705,100648619,1394263098,404,,
334705,100647866,1394159400,404,,
5479234,100649537,1394514627,404,,
563346,100648334,1394288591,404,,
563346,100647782,1394155068,404,,
563346,100646661,1394149620,404,,
546257,100647926,1394170969,404,,
5902354,100649537,1394526786,404,,
4459547,100648402,1394264913,404,,
2548052,100649537,1394503310,404,,
1285903,100655565,1395705096,404,,
2201714,100649537,1394501122,404,,
2201714,100648402,1394205170,404,,
2201714,100646680,1393935318,404,,
5842124,100649537,1394528328,404,,
1285858,100649537,1394506691,404,,
669312,100647243,1394429449,404,,
3557972,100648402,1394205577,404,,
1338919,100649537,1394515631,404,,
5409204,100649537,1394500163,404,,
7736055,100658356,1396230247,404,,
7736055,100658356,1396083030,404,,
6166851,100649537,1394503724,404,,
6166851,100649537,1394502615,404,,
3363301,100649537,1394517146,404,,
5409175,100649537,1394501040,404,,
4897607,100649537,1394527868,404,,
625227,100654496,1395886548,404,,
625227,100646976,1394006795,404,,
8000445,100652943,1395134379,404,,
1144092,100646680,1393942847,404,,
312353,100658356,1396139400,404,,
5920183,100649537,1394508722,404,,
3867769,100649537,1394506665,404,,
210119,100647866,1394111374,404,,
210119,100646680,1393939817,404,,
435868,100646680,1393940092,404,,
5841939,100649537,1394506456,404,,
1709341,100649537,1394500983,404,,
1709341,100646680,1393939632,404,,
4039541,100653757,1395242363,404,,
4039541,100648402,1394206607,404,,
1561104,100649537,1394503104,404,,
1699504,100649537,1394503778,404,,
1699504,100646680,1393934843,404,,
1010314,100646680,1393940428,404,,
2982864,100649537,1394500142,404,,
190837,100646680,1393935361,404,,
2065595,100649537,1394514275,404,,
2065595,100646680,1393935836,404,,
1929205,100649537,1394502256,404,,
1091814,100646680,1393938291,404,,
1196961,100646680,1393940853,404,,
3995462,100649537,1394501451,404,,
4056133,100649537,1394508121,404,,
5738796,100649537,1394531163,404,,
5795855,100649537,1394505085,404,,
1408541,100646680,1393940321,404,,
1408541,100646680,1393939672,404,,
4246304,100649537,1394500415,404,,
3856888,100649537,1394502154,404,,
4615294,100653757,1395239024,404,,
1897777,100649537,1394502759,404,,
5205725,100649537,1394502500,404,,
2877882,100647243,1394322654,404,,
2877882,100648402,1394322367,404,,
2877882,100646976,1394031222,404,,
12686541,100658356,1396141056,404,,
1820872,100649537,1394504420,404,,
5877260,100649537,1394521093,404,,
1265677,100646680,1393940688,404,,
155767,100655565,1395656546,404,,
155767,100649537,1394506899,404,,
155767,100648402,1394201022,404,,
155767,100646680,1393940645,404,,
155767,100646680,1393940049,404,,
11684131,100656170,1395820935,404,,
104451,100649537,1394514870,404,,
1786267,100649537,1394509591,404,,
1786267,100646680,1393942966,404,,
2378885,100646680,1393935689,404,,
746209,100649537,1394506938,404,,
948542,100647866,1394162722,404,,
1959641,100649537,1394500862,404,,
2341988,100649537,1394502091,404,,
364709,100648402,1394197452,404,,
11064325,100658670,1396244037,404,,
6307891,100649537,1394527281,404,,
3449585,100649537,1394510232,404,,
5831007,100649537,1394506335,404,,
5831007,100649537,1394506054,404,,
1196916,100646680,1393939419,404,,
1196916,100646680,1393939122,404,,
4896997,100647383,1394408271,404,,
4230993,100648179,1394235734,404,,
382396,100649537,1394507331,404,,
1439455,100647859,1394115944,404,,
1439455,100647243,1394086038,404,,
2678227,100646861,1394010932,404,,
3717752,100647926,1394160963,404,,
245644,100652943,1395128283,404,,
9416421,100653757,1395239667,404,,
3700578,100647926,1394161068,404,,
3700578,100647243,1394158642,404,,
1821161,100646680,1393943325,404,,
1821161,100646680,1393942336,404,,
11467614,100658670,1396254708,404,,
854295,100649537,1394504764,404,,
1127171,100656170,1395716142,404,,
1127171,100648402,1394266284,404,,
4774821,100649537,1394505340,404,,
4774821,100649537,1394504866,404,,
4774821,100649537,1394504438,404,,
3518569,100647243,1394111203,404,,
932901,100648334,1394383412,404,,
932901,100646661,1393951269,404,,
12701964,100654496,1396033001,404,,
12701964,100654496,1396030558,404,,
12701964,100654496,1396030380,404,,
6106689,100649537,1394531282,404,,
6602964,100649537,1394515821,404,,
5796186,100649537,1394513456,404,,
1092014,100646680,1393941166,404,,
1897723,100647243,1394134581,404,,
2149608,100646680,1393939129,404,,
1010440,100646680,1393942475,404,,
2643161,100655565,1395642813,404,,
930,100658670,1396250218,404,,
930,100658670,1396249562,404,,
930,100658670,1396239353,404,,
930,100658356,1396187443,404,,
930,100656473,1396074768,404,,
930,100656473,1396074755,404,,
930,100656473,1396074752,404,,
930,100656473,1396074731,404,,
930,100656473,1396074667,404,,
930,100654496,1395987527,404,,
930,100655565,1395664787,404,,
930,100655565,1395664251,404,,
930,100655565,1395662502,404,,
930,100655565,1395662287,404,,
930,100655565,1395660305,404,,
930,100655565,1395655781,404,,
930,100655565,1395652043,404,,
930,100655565,1395651646,404,,
930,100655565,1395650147,404,,
930,100655565,1395649272,404,,
930,100655565,1395648431,404,,
930,100655565,1395643081,404,,
930,100655565,1395638931,404,,
930,100653757,1395282064,404,,
930,100653757,1395241798,404,,
930,100653757,1395240324,404,,
930,100653757,1395237682,404,,
930,100653757,1395237137,404,,
930,100653757,1395236960,404,,
930,100653757,1395236577,404,,
930,100653757,1395236264,404,,
930,100653757,1395236039,404,,
930,100653757,1395235142,404,,
930,100647940,1394796721,404,,
930,100649537,1394533447,404,,
930,100649537,1394532584,404,,
930,100649537,1394532067,404,,
930,100649537,1394530958,404,,
930,100649537,1394530718,404,,
930,100649537,1394530256,404,,
930,100649537,1394529240,404,,
930,100649537,1394528788,404,,
930,100649537,1394527125,404,,
930,100649537,1394526176,404,,
930,100649537,1394525717,404,,
930,100649537,1394525324,404,,
930,100649537,1394524745,404,,
930,100649537,1394524138,404,,
930,100649537,1394523995,404,,
930,100649537,1394522729,404,,
930,100649537,1394522079,404,,
930,100649537,1394521441,404,,
930,100649537,1394520299,404,,
930,100649537,1394520001,404,,
930,100649537,1394519432,404,,
930,100649537,1394519258,404,,
930,100649537,1394518081,404,,
930,100649537,1394517711,404,,
930,100649537,1394516073,404,,
930,100649537,1394515647,404,,
930,100649537,1394515644,404,,
930,100649537,1394515263,404,,
930,100649537,1394514930,404,,
930,100649537,1394513672,404,,
930,100649537,1394513629,404,,
930,100647383,1394513532,404,,
930,100649537,1394513376,404,,
930,100649537,1394513073,404,,
930,100649537,1394512950,404,,
930,100649537,1394512674,404,,
930,100649537,1394512417,404,,
930,100649537,1394512066,404,,
930,100649537,1394511893,404,,
930,100649537,1394511835,404,,
930,100649537,1394510718,404,,
930,100649537,1394510476,404,,
930,100649537,1394509942,404,,
930,100649537,1394508844,404,,
930,100649537,1394508625,404,,
930,100649537,1394508418,404,,
930,100649537,1394507771,404,,
930,100649537,1394507670,404,,
930,100649537,1394505497,404,,
930,100649537,1394505134,404,,
930,100649537,1394504954,404,,
930,100649537,1394504896,404,,
930,100649537,1394504568,404,,
930,100649537,1394504268,404,,
930,100649537,1394504239,404,,
930,100649537,1394503948,404,,
930,100649537,1394503540,404,,
930,100649537,1394503308,404,,
930,100649537,1394503198,404,,
930,100649537,1394502829,404,,
930,100649537,1394502659,404,,
930,100649537,1394502397,404,,
930,100649537,1394501937,404,,
930,100649537,1394501766,404,,
930,100649537,1394501376,404,,
930,100649537,1394501105,404,,
930,100649537,1394500980,404,,
930,100649537,1394500957,404,,
930,100649537,1394500427,404,,
930,100649537,1394500292,404,,
930,100649537,1394500044,404,,
930,100649537,1394499295,404,,
930,100648402,1394422717,404,,
930,100647926,1394376014,404,,
930,100648402,1394274257,404,,
930,100648402,1394259500,404,,
930,100648402,1394249065,404,,
930,100648402,1394207361,404,,
930,100648402,1394203378,404,,
930,100648402,1394199103,404,,
930,100648334,1394188853,404,,
930,100647926,1394168889,404,,
930,100647243,1394118769,404,,
930,100647243,1394114278,404,,
930,100647414,1394111480,404,,
930,100647243,1394111463,404,,
930,100647414,1394095078,404,,
930,100647243,1394093706,404,,
930,100647243,1394091571,404,,
930,100646680,1393943362,404,,
930,100646680,1393943069,404,,
930,100646680,1393943067,404,,
930,100646680,1393942503,404,,
930,100646680,1393942134,404,,
930,100646680,1393941985,404,,
930,100646680,1393941849,404,,
930,100646680,1393941786,404,,
930,100646680,1393941583,404,,
930,100646680,1393941420,404,,
930,100646680,1393941412,404,,
930,100646680,1393941239,404,,
930,100646680,1393940955,404,,
930,100646680,1393940590,404,,
930,100646680,1393940376,404,,
930,100646680,1393940207,404,,
930,100646680,1393940103,404,,
930,100646680,1393939705,404,,
930,100646680,1393939571,404,,
930,100646680,1393939367,404,,
930,100646680,1393939188,404,,
930,100646680,1393939021,404,,
930,100646680,1393939014,404,,
930,100646680,1393939013,404,,
930,100646680,1393938935,404,,
930,100646680,1393938577,404,,
930,100646680,1393938314,404,,
930,100646680,1393938213,404,,
930,100646680,1393938204,404,,
930,100646680,1393938187,404,,
930,100646680,1393937919,404,,
930,100646680,1393937857,404,,
930,100646680,1393937825,404,,
930,100646680,1393937427,404,,
930,100646680,1393937395,404,,
930,100646680,1393937234,404,,
930,100646680,1393937231,404,,
930,100646680,1393936996,404,,
930,100646680,1393936987,404,,
930,100646680,1393936970,404,,
930,100646680,1393936714,404,,
930,100646680,1393936558,404,,
930,100646680,1393936250,404,,
930,100646680,1393936114,404,,
930,100646680,1393936016,404,,
930,100646680,1393935567,404,,
930,100646680,1393935511,404,,
930,100646680,1393935409,404,,
930,100646680,1393935300,404,,
930,100646680,1393934986,404,,
930,100646680,1393934820,404,,
930,100646680,1393934802,404,,
930,100646680,1393934757,404,,
930,100646680,1393934661,404,,
930,100646680,1393934653,404,,
930,100646680,1393934568,404,,
930,100646680,1393934317,404,,
930,100644660,1393858349,404,,
5815540,100649537,1394508674,404,,
5857934,100649537,1394512746,404,,
1285234,100655565,1395652146,404,,
1321029,100646680,1393938438,404,,
1010525,100646680,1393945990,404,,
5302723,100649537,1394500427,404,,
5738707,100649537,1394527426,404,,
4560260,100649537,1394499694,404,,
3977816,100649537,1394500409,404,,
933036,100644660,1393830035,404,,
810596,100647243,1394072151,404,,
6764564,100649537,1394514239,404,,
5286570,100649537,1394499390,404,,
5286570,100649537,1394498966,404,,
335770,100646976,1394011482,404,,
1637316,100646976,1394008724,404,,
6378903,100649537,1394509966,404,,
5903497,100649537,1394526765,404,,
781717,100649537,1394510146,404,,
3541980,100648402,1394198566,404,,
2003429,100646680,1393938304,404,,
1760738,100649537,1394533223,404,,
1760738,100646680,1393935011,404,,
5858666,100649537,1394503932,404,,
5858666,100649537,1394503218,404,,
10191399,100653757,1395233058,404,,
1927620,100646680,1393935370,404,,
71451,100649537,1394501989,404,,
993406,100646680,1393941822,404,,
2642781,100658670,1396251310,404,,
2114287,100649537,1394501095,404,,
2114287,100646680,1393938254,404,,
1461583,100646680,1393939161,404,,
192377,100649537,1394503983,404,,
1162532,100645328,1393926072,404,,
2307055,100647243,1394418601,404,,
2307055,100647243,1394076635,404,,
993414,100646680,1393941978,404,,
4913680,100655565,1395639318,404,,
6517567,100655565,1395652122,404,,
6517567,100649537,1394512778,404,,
5903399,100649537,1394521289,404,,
1284887,100646680,1393938833,404,,
490984,100646680,1393942215,404,,
9935808,100653757,1395226052,404,,
4100872,100649537,1394501841,404,,
3962968,100648334,1394252590,404,,
121560,100647243,1394630728,404,,
192494,100658356,1396111274,404,,
3659095,100655565,1395654831,404,,
3659095,100649537,1394506594,404,,
2432375,100655565,1395640278,404,,
2432375,100649537,1394499546,404,,
1108638,100646680,1393942597,404,,
3840514,100647782,1394160934,404,,
3840514,100647940,1394160853,404,,
5893627,100649537,1394523092,404,,
1162374,100655565,1395731014,404,,
1162374,100647383,1394090777,404,,
1562348,100649537,1394505420,404,,
1562348,100646680,1393940205,404,,
1636999,100646680,1393937863,404,,
4458960,100659282,1396257399,404,,
6183418,100649537,1394525424,404,,
1942974,100649537,1394500358,404,,
5938298,100649537,1394502680,404,,
1267593,100649537,1394503451,404,,
3840645,100649537,1394518717,404,,
1698144,100649537,1394504406,404,,
86586,100644660,1393815280,404,,
5814958,100649537,1394519393,404,,
1162241,100646680,1393936898,404,,
591699,100655833,1395740689,404,,
591699,100646728,1394428556,404,,
591699,100647782,1394424086,404,,
281087,100645131,1393751810,404,,
121767,100647243,1394095253,404,,
3589914,100655565,1395635969,404,,
3589914,100649537,1394503270,404,,
3541598,100649537,1394517969,404,,
1461407,100646680,1393934599,404,,
3346939,100647383,1394064644,404,,
5639218,100655565,1395653593,404,,
5639218,100649537,1394499115,404,,
5639218,100648402,1394421555,404,,
949796,100649537,1394503175,404,,
5740164,100649537,1394532444,404,,
5841000,100649537,1394506802,404,,
6727484,100649537,1394517651,404,,
3840284,100647243,1394179331,404,,
4055054,100649537,1394499587,404,,
3329141,100646861,1394069655,404,,
1626,100646680,1393940125,404,,
6074832,100649537,1394503581,404,,
4385049,100649537,1394499566,404,,
1284538,100646680,1393935223,404,,
244385,100647866,1394165553,404,,
5859120,100647243,1394518224,404,,
5859120,100648402,1394518210,404,,
5841883,100649537,1394502809,404,,
4490069,100648402,1394257795,404,,
5980447,100649537,1394511371,404,,
4576384,100649537,1394508343,404,,
5893764,100647383,1394531074,404,,
1804472,100649537,1394507351,404,,
3795057,100649537,1394516996,404,,
296886,100647414,1394108077,404,,
174460,100646680,1393935818,404,,
2549604,100649537,1394515349,404,,
2549604,100646680,1393934837,404,,
491490,100647243,1394072841,404,,
3311643,100655565,1395648358,404,,
6275262,100649537,1394510543,404,,
3902117,100647243,1394155840,404,,
980209,100649537,1394503785,404,,
980209,100646680,1393941876,404,,
6604081,100649537,1394520833,404,,
5173390,100653757,1395240819,404,,
3902188,100653757,1395235167,404,,
1163090,100646680,1393937291,404,,
6275320,100649537,1394513667,404,,
6604071,100649537,1394519133,404,,
5533175,100653757,1395273919,404,,
580199,100647243,1394098575,404,,
580199,100647243,1394098479,404,,
13020622,100658670,1396243623,404,,
994044,100646680,1393939957,404,,
191540,100649537,1394512712,404,,
3628807,100647243,1394069634,404,,
1601913,100649537,1394509838,404,,
4913556,100647243,1394434097,404,,
473780,100647782,1394874012,404,,
473780,100647243,1394873768,404,,
473780,100647243,1394867639,404,,
473780,100647926,1394428018,404,,
1180210,100655565,1395662857,404,,
1180210,100653757,1395237988,404,,
1180210,100646680,1393942463,404,,
3867272,100647866,1394156853,404,,
3867272,100647243,1394156728,404,,
3206005,100647866,1394163718,404,,
3206005,100647243,1394158603,404,,
8189445,100655565,1395636994,404,,
1180193,100646680,1393942313,404,,
1586579,100655565,1395697153,404,,
4455177,100658356,1396064318,404,,
11327773,100655565,1395644610,404,,
262004,100648402,1394282540,404,,
2983665,100649537,1394510362,404,,
8702602,100647243,1394759247,404,,
545403,100646861,1393995428,404,,
5980396,100649537,1394509251,404,,
1444438,100649537,1394512938,404,,
1197633,100649537,1394503589,404,,
1197633,100646680,1393937423,404,,
2601346,100649537,1394500609,404,,
2601346,100648402,1394237125,404,,
1822016,100649537,1394513169,404,,
1822016,100646680,1393935446,404,,
591211,100645328,1393833345,404,,
855456,100644660,1393831079,404,,
1073261,100646680,1393938883,404,,
3534921,100647243,1394068523,404,,
296676,100649537,1394504485,404,,
2723480,100647383,1394034691,404,,
5754978,100649537,1394508890,404,,
2133018,100649537,1394501901,404,,
794352,100649537,1394519386,404,,
2549274,100648402,1394204588,404,,
2549274,100646680,1393940892,404,,
11560242,100658670,1396246932,404,,
5619108,100649537,1394505447,404,,
1847961,100646680,1393939378,404,,
2355934,100646680,1393940347,404,,
8839958,100656170,1395747783,404,,
6432900,100649537,1394503979,404,,
3979534,100655565,1395653696,404,,
4864777,100649537,1394500930,404,,
732173,100647926,1394422262,404,,
732173,100647243,1394083682,404,,
1788867,100649537,1394512858,404,,
173915,100655565,1395636683,404,,
173915,100649537,1394501778,404,,
438144,100648334,1394199844,404,,
438144,100648402,1394198622,404,,
438144,100648334,1394198617,404,,
4197581,100648402,1394288842,404,,
1177071,100646680,1393934787,404,,
4313732,100655565,1395652762,404,,
4313732,100649537,1394500554,404,,
4313732,100648402,1394230010,404,,
4700306,100648701,1394362627,404,,
33131,100657846,1396262896,404,,
33131,100657846,1396262824,404,,
33131,100657892,1396262787,404,,
33131,100657894,1396262775,404,,
33131,100657892,1396262696,404,,
33131,100657894,1396262691,404,,
33131,100656170,1395719619,404,,
33131,100654496,1395692670,404,,
33131,100654496,1395692582,404,,
33131,100654496,1395646386,404,,
33131,100655565,1395636401,404,,
33131,100647243,1395081443,404,,
33131,100647243,1395079945,404,,
33131,100647243,1395079879,404,,
33131,100649537,1394514878,404,,
33131,100648701,1394334799,404,,
33131,100647940,1394272903,404,,
33131,100647859,1394158240,404,,
33131,100647243,1394114875,404,,
33131,100647802,1394110861,404,,
33131,100647812,1394110859,404,,
33131,100647243,1394080785,404,,
33131,100646728,1393978825,404,,
33131,100646680,1393941253,404,,
947013,100649537,1394512236,404,,
609943,100648619,1394262358,404,,
7895047,100656170,1395899997,404,,
1548075,100649537,1394499399,404,,
1548075,100646680,1393934593,404,,
3468531,100653757,1395236313,404,,
4228537,100648619,1394281450,404,,
4228537,100648619,1394280008,404,,
1458520,100649537,1394511482,404,,
1618699,100653757,1395238654,404,,
1618699,100649537,1394500245,404,,
9550251,100655565,1395641450,404,,
297257,100655565,1395744766,404,,
297257,100655565,1395640472,404,,
297257,100647926,1394160395,404,,
3900459,100649537,1394502152,404,,
3186844,100649537,1394506304,404,,
2239605,100646680,1393934808,404,,
1548106,100653757,1395238029,404,,
1548106,100649537,1394505474,404,,
1548106,100646680,1393935233,404,,
5758863,100647383,1394472877,404,,
1198538,100654484,1395906196,404,,
1198538,100657172,1395905850,404,,
3349507,100648402,1394206029,404,,
3349507,100647243,1394089197,404,,
4164842,100649537,1394502751,404,,
4164842,100649537,1394500313,404,,
4164842,100648402,1394244042,404,,
4197484,100648619,1394278631,404,,
258498,100659282,1396270572,404,,
258498,100655565,1395654153,404,,
258498,100646680,1393935722,404,,
5758571,100649537,1394528968,404,,
7972812,100655565,1395656396,404,,
4180438,100647243,1394257857,404,,
1371984,100646680,1393935350,404,,
4129978,100649537,1394499297,404,,
103259,100640284,1393638167,404,,
561646,100655565,1395637500,404,,
561646,100649537,1394497045,404,,
6930462,100628992,1395501064,404,,
5584218,100649537,1394502690,404,,
2285755,100649537,1394500269,404,,
2285755,100646680,1393941548,404,,
10781346,100659282,1396257949,404,,
640758,100648070,1394170080,404,,
640758,100646976,1394004913,404,,
3311596,100649537,1394533649,404,,
5983766,100649537,1394510072,404,,
2876148,100649537,1394520718,404,,
1848121,100649537,1394507682,404,,
4925836,100649537,1394505739,404,,
3900781,100649537,1394506828,404,,
143162,100648402,1394340806,404,,
143162,100646680,1393937755,404,,
7133972,100653757,1395233191,404,,
6605529,100649537,1394507294,404,,
1773245,100649537,1394520397,404,,
1042514,100647243,1394528478,404,,
8050406,100655565,1395650595,404,,
3855075,100655565,1395648963,404,,
3855075,100649537,1394501938,404,,
33021,100626045,1394000926,404,,
1741862,100648402,1394411134,404,,
1882405,100649537,1394501887,404,,
2240163,100647866,1394115098,404,,
4577330,100649537,1394519445,404,,
3365391,100648619,1394261816,404,,
3365391,100646728,1394211154,404,,
3365391,100648402,1394196329,404,,
3365391,100646728,1394196296,404,,
3365391,100648402,1394195961,404,,
3365391,100647243,1394119185,404,,
2394623,100646680,1393941053,404,,
4423530,100649537,1394532167,404,,
4423530,100649537,1394499400,404,,
2689553,100646861,1393995803,404,,
4006316,100649537,1394504654,404,,
1353897,100649537,1394506267,404,,
12963863,100658670,1396243072,404,,
2675718,100649537,1394499639,404,,
965687,100653757,1395236518,404,,
965687,100649537,1394509797,404,,
4244359,100648179,1394257114,404,,
11465243,100648402,1395719156,404,,
1727011,100646680,1393936806,404,,
6014117,100649537,1394515498,404,,
1076610,100649537,1394522865,404,,
1076610,100646680,1393943197,404,,
2606,100648619,1394261463,404,,
2606,100646680,1393939308,404,,
686461,100648402,1394200094,404,,
1267883,100649537,1394506560,404,,
1267883,100646680,1393935849,404,,
5407390,100649537,1394510080,404,,
1107011,100646680,1393937329,404,,
3885948,100649537,1394500116,404,,
6900256,100656170,1396068296,404,,
779178,100649537,1394499876,404,,
3870595,100647383,1394181697,404,,
1864844,100646680,1393935763,404,,
1864844,100646680,1393935256,404,,
1160111,100649537,1394514148,404,,
50959,100649537,1394500946,404,,
50959,100646680,1393931788,404,,
7083213,100657172,1396066492,404,,
7083213,100655833,1395708695,404,,
259071,100646661,1393989053,404,,
259071,100646680,1393943159,404,,
4864051,100649537,1394533186,404,,
4353345,100649537,1394499471,404,,
2255693,100646680,1393935778,404,,
981436,100646680,1393935829,404,,
5723630,100649537,1394506365,404,,
748521,100653757,1395232151,404,,
748521,100649537,1394508649,404,,
748521,100648402,1394198004,404,,
622805,100656170,1395726535,404,,
622805,100647243,1394068785,404,,
1198670,100655565,1395655228,404,,
3590416,100649537,1394505235,404,,
1680306,100649537,1394500031,404,,
1214216,100649537,1394525853,404,,
5757960,100649537,1394505552,404,,
5300695,100649537,1394500044,404,,
89103,100646680,1393937343,404,,
562159,100655565,1395655535,404,,
452683,100647243,1394163949,404,,
452683,100645737,1393832312,404,,
5813365,100649537,1394511558,404,,
2569471,100646680,1393934796,404,,
1512890,100649537,1394527771,404,,
2799394,100647243,1394079460,404,,
5953267,100649537,1394508933,404,,
4298235,100649537,1394501719,404,,
11907147,100656170,1395916810,404,,
6077271,100649537,1394527984,404,,
523338,100644660,1393822564,404,,
904165,100647243,1394088713,404,,
2629449,100647940,1394447902,404,,
159355,100645328,1393834082,404,,
5757772,100649537,1394502903,404,,
11371870,100656170,1395742840,404,,
3327624,100647383,1394063433,404,,
5175947,100649537,1394514176,404,,
9673653,100652943,1395129618,404,,
1145073,100646680,1393938538,404,,
3348538,100647243,1394447847,404,,
3348538,100647243,1394110922,404,,
2445650,100646680,1393942958,404,,
593651,100649537,1394516993,404,,
2326409,100646680,1393942357,404,,
6380989,100649537,1394513571,404,,
119345,100648402,1394260073,404,,
1442244,100655565,1395634761,404,,
1442244,100649537,1394502487,404,,
1442244,100646680,1393935109,404,,
5757849,100649537,1394504249,404,,
639981,100649537,1394503498,404,,
2200716,100646680,1393940937,404,,
826598,100649537,1394504195,404,,
826598,100647782,1394105805,404,,
1970187,100649537,1394510746,404,,
3945507,100649537,1394511793,404,,
6242817,100649537,1394530130,404,,
5921220,100649537,1394505600,404,,
2361148,100649537,1394509089,404,,
2005095,100646680,1393943340,404,,
1106850,100646680,1393934924,404,,
5323240,100655565,1395651586,404,,
965483,100646680,1393941845,404,,
531492,100648043,1394170421,404,,
73374,100648402,1394354517,404,,
687844,100645131,1393836863,404,,
263545,100646861,1393988552,404,,
5967465,100649537,1394514443,404,,
1439808,100649537,1394500287,404,,
4972610,100649537,1394503118,404,,
4128840,100655565,1395642913,404,,
4128840,100648402,1394199155,404,,
639664,100647782,1395680341,404,,
313563,100649537,1394507600,404,,
903789,100649537,1394510967,404,,
3396676,100649537,1394528488,404,,
11356622,100656170,1395738563,404,,
546825,100649537,1394504143,404,,
4755789,100648334,1394324266,404,,
1212827,100649537,1394502191,404,,
1212827,100646680,1393939439,404,,
1696230,100655565,1395653893,404,,
1060459,100646680,1393942724,404,,
826848,100646680,1393935433,404,,
9881074,100656170,1395730455,404,,
1634974,100655565,1395650952,404,,
5047164,100649537,1394505663,404,,
1026267,100655565,1395646108,404,,
1026267,100649537,1394499810,404,,
5830313,100649537,1394524392,404,,
4022590,100649537,1394499740,404,,
1477323,100646680,1393936407,404,,
4057256,100649537,1394500135,404,,
5742051,100649537,1394516032,404,,
547756,100647243,1394151884,404,,
547756,100647243,1394151881,404,,
401428,100647484,1394155122,404,,
3296529,100649537,1394504835,404,,
6012986,100649537,1394505923,404,,
6121320,100649537,1394513658,404,,
367862,100649537,1394500772,404,,
367862,100646680,1393939856,404,,
5741982,100647243,1394516716,404,,
4985842,100653757,1395236834,404,,
4041742,100647243,1394134404,404,,
2516634,100647243,1394157055,404,,
279188,100648402,1394325933,404,,
1075677,100646680,1393943349,404,,
103655,100647243,1394094265,404,,
103655,100646680,1393938199,404,,
1060153,100649537,1394506570,404,,
1060153,100646680,1393938664,404,,
314309,100647243,1395121552,404,,
1741597,100646680,1393938358,404,,
259694,100653757,1395282974,404,,
34717,100642276,1393671078,404,,
6480730,100655565,1395642862,404,,
5798937,100649537,1394528140,404,,
1268898,100649537,1394516670,404,,
1268898,100649537,1394505465,404,,
211712,100649537,1394515618,404,,
4682469,100647243,1394336926,404,,
4682469,100647243,1394335443,404,,
5829714,100649537,1394529161,404,,
1320061,100649537,1394504572,404,,
1044201,100646680,1393943552,404,,
1604036,100649537,1394506105,404,,
2146461,100649537,1394504070,404,,
2146461,100646680,1393939409,404,,
2146461,100646680,1393937919,404,,
3900408,100655565,1395650749,404,,
3900408,100648402,1394195421,404,,
159075,100648070,1394177851,404,,
3917617,100649537,1394507823,404,,
982429,100649537,1394511787,404,,
2360662,100646680,1393934481,404,,
3900370,100647383,1394169056,404,,
471642,100648070,1394179440,404,,
172061,100647243,1394173885,404,,
1370526,100649537,1394520347,404,,
2721399,100649537,1394500327,404,,
1199848,100647243,1394119193,404,,
4119581,100658670,1396248118,404,,
593290,100649537,1394501745,404,,
593283,100649537,1394510334,404,,
4382844,100649537,1394500703,404,,
436316,100654496,1395655878,404,,
436316,100652943,1395128791,404,,
436316,100646728,1394704082,404,,
436316,100649537,1394500734,404,,
436316,100647243,1394074775,404,,
436316,100647243,1394071231,404,,
436316,100646976,1393997915,404,,
436316,100646861,1393984107,404,,
436316,100646728,1393980482,404,,
436316,100646728,1393978592,404,,
436316,100646680,1393935580,404,,
547444,100646661,1393944205,404,,
9551598,100656170,1395724193,404,,
4214743,100647383,1394248647,404,,
4102293,100649537,1394502266,404,,
1910303,100646680,1393939049,404,,
5187446,100649537,1394500996,404,,
6156659,100649537,1394500501,404,,
819658,100649537,1394510081,404,,
4151526,100649537,1394505986,404,,
769067,100649537,1394519295,404,,
3765761,100649537,1394497711,404,,
3765761,100647243,1394155496,404,,
680544,100646680,1393940003,404,,
316562,100646680,1393943428,404,,
1810209,100649537,1394505405,404,,
1356630,100649537,1394504877,404,,
1526557,100649537,1394508763,404,,
1526557,100646680,1393938645,404,,
2536509,100646680,1393937606,404,,
5968512,100649537,1394514412,404,,
1893898,100655565,1395645237,404,,
2934674,100649537,1394502952,404,,
2136638,100646680,1393935231,404,,
1096540,100649537,1394502589,404,,
4602720,100649537,1394515967,404,,
1790636,100658356,1396064302,404,,
5084745,100649537,1394516306,404,,
21850,100655565,1395648829,404,,
21850,100649537,1394509599,404,,
21850,100647243,1394081297,404,,
38940,100658670,1396239794,404,,
38940,100656170,1395717673,404,,
38940,100655565,1395659154,404,,
38940,100655565,1395653821,404,,
38940,100653757,1395283945,404,,
38940,100653757,1395235255,404,,
38940,100649537,1394532095,404,,
38940,100649537,1394516792,404,,
38940,100649537,1394508729,404,,
38940,100649537,1394499035,404,,
38940,100648179,1394331590,404,,
38940,100648619,1394261198,404,,
38940,100648402,1394200797,404,,
38940,100647243,1394155595,404,,
38940,100646976,1394101978,404,,
38940,100646861,1394069214,404,,
38940,100646680,1393936603,404,,
38940,100646680,1393935844,404,,
38940,100646680,1393935811,404,,
1044672,100647926,1394158193,404,,
1963411,100649537,1394500234,404,,
11341894,100656170,1395755149,404,,
4249961,100649537,1394516278,404,,
6332290,100649537,1394516558,404,,
1479740,100655565,1395652895,404,,
2812146,100656170,1395807367,404,,
2812146,100647940,1394241304,404,,
2812146,100648043,1394241138,404,,
2812146,100647243,1394179798,404,,
2812146,100647866,1394154473,404,,
1894234,100649537,1394520268,404,,
440129,100648043,1394178615,404,,
440129,100647243,1394088490,404,,
2136982,100655565,1395635619,404,,
1386719,100649537,1394502680,404,,
5933366,100649537,1394511346,404,,
221630,100646976,1394060408,404,,
4451336,100655565,1395658207,404,,
12790082,100656170,1396171320,404,,
1157550,100646680,1393939094,404,,
3210347,100647383,1394075553,404,,
3210347,100647243,1394069838,404,,
268429,100655833,1395666070,404,,
268429,100649537,1394511842,404,,
11983532,100656170,1395905980,404,,
4060700,100648402,1394201520,404,,
2568073,100647383,1394024212,404,,
1373788,100649537,1394510785,404,,
3317343,100647243,1394116213,404,,
5333032,100655565,1395642138,404,,
348051,100646680,1393940944,404,,
1262118,100655565,1395641722,404,,
6087625,100649537,1394513259,404,,
629682,100647866,1394151976,404,,
4253,100648334,1394283076,404,,
4253,100647243,1394110133,404,,
145120,100646680,1393939740,404,,
118450,100652943,1395125242,404,,
118450,100646680,1393940053,404,,
5950805,100649537,1394525516,404,,
806246,100653757,1395235160,404,,
945021,100649537,1394506237,404,,
6902635,100649537,1394524372,404,,
542335,100646680,1393938086,404,,
646399,100649537,1394517407,404,,
524986,100657872,1396253649,404,,
524986,100657846,1396253547,404,,
524986,100657894,1396253348,404,,
524986,100644660,1393829316,404,,
6157120,100649537,1394509606,404,,
646336,100649537,1394506621,404,,
470753,100648701,1394360079,404,,
470753,100648701,1394360076,404,,
470753,100648043,1394360057,404,,
470753,100647859,1394167345,404,,
470753,100647866,1394167327,404,,
470753,100647243,1394116354,404,,
470753,100647243,1394115639,404,,
470753,100647383,1394101980,404,,
470753,100646728,1394017820,404,,
470753,100646661,1394017725,404,,
1096129,100649537,1394513057,404,,
1246514,100649537,1394499609,404,,
769636,100655565,1395653543,404,,
699767,100646680,1393939096,404,,
699767,100646661,1393939051,404,,
317167,100647882,1394375942,404,,
317167,100647859,1394375920,404,,
317167,100647866,1394375109,404,,
317167,100647243,1394375108,404,,
3141721,100645328,1394007695,404,,
1123097,100655565,1395649341,404,,
975179,100649537,1394510898,404,,
57046,100649537,1394505441,404,,
5792132,100649537,1394532408,404,,
5792132,100649537,1394532028,404,,
6056264,100649537,1394513676,404,,
4182983,100649537,1394513956,404,,
3282135,100659282,1396262647,404,,
516907,100612411,1393945535,404,,
1342658,100649537,1394507239,404,,
65714,100658670,1396246327,404,,
2000416,100655565,1395651843,404,,
2000416,100646680,1393939083,404,,
329741,100646680,1393940049,404,,
1404844,100649537,1394500587,404,,
1774613,100646680,1393938823,404,,
439440,100649537,1394510313,404,,
5776680,100649537,1394504636,404,,
646148,100657172,1395891887,404,,
646148,100647243,1394096992,404,,
1985329,100655565,1395648973,404,,
1985329,100649537,1394504150,404,,
9606922,100655565,1395661476,404,,
628954,100642276,1393862621,404,,
1526161,100649537,1394502400,404,,
3974020,100649537,1394511597,404,,
5791773,100649537,1394516463,404,,
3546556,100649537,1394526528,404,,
5898976,100649537,1394530320,404,,
6591773,100649537,1394504732,404,,
858154,100657172,1395899794,404,,
858154,100647882,1394171381,404,,
858154,100647243,1394078633,404,,
858154,100644660,1393833354,404,,
22150,100649537,1394509581,404,,
4060191,100649537,1394498929,404,,
4097507,100649537,1394504047,404,,
525279,100647243,1394093727,404,,
65908,100648619,1394262026,404,,
3837222,100649537,1394512567,404,,
4112700,100649537,1394508431,404,,
1113181,100649537,1394522550,404,,
2506409,100647866,1394511658,404,,
1296724,100649537,1394506350,404,,
1915799,100646680,1393934789,404,,
699536,100649537,1394511419,404,,
317246,100649537,1394503644,404,,
5152832,100649537,1394515275,404,,
10724431,100655565,1395711373,404,,
4571222,100647926,1394355962,404,,
959520,100649537,1394524014,404,,
408580,100649537,1394504912,404,,
4963266,100647383,1394458883,404,,
2039293,100646680,1393939110,404,,
4555944,100649537,1394532449,404,,
501414,100653757,1395276091,404,,
4450610,100649537,1394516428,404,,
5934132,100649537,1394499930,404,,
1826782,100648402,1394198912,404,,
1826782,100646680,1393941122,404,,
9314882,100653757,1395283965,404,,
1433827,100648334,1394266512,404,,
1433827,100647782,1394195539,404,,
1433827,100647243,1394195520,404,,
4928931,100649449,1394450076,404,,
4134934,100655833,1395677744,404,,
196187,100653757,1395275540,404,,
3333921,100649537,1394501441,404,,
1097698,100646680,1393937514,404,,
2179264,100649537,1394498564,404,,
1183888,100646728,1393943056,404,,
2623071,100646680,1393936059,404,,
4096618,100649537,1394504374,404,,
222236,100658356,1396059474,404,,
222236,100649537,1394498363,404,,
222236,100648103,1394178565,404,,
6348435,100649537,1394511142,404,,
346824,100649537,1394507876,404,,
630507,100647243,1394074806,404,,
2413150,100649537,1394503452,404,,
5721009,100649537,1394530713,404,,
4978739,100648179,1394420457,404,,
6040504,100649537,1394508979,404,,
890458,100648179,1394180989,404,,
456239,100648043,1394370612,404,,
905872,100648701,1394410050,404,,
905872,100646728,1393981010,404,,
3695021,100647243,1394160738,404,,
2887360,100653757,1395232225,404,,
9246709,100658670,1396246231,404,,
6730968,100649537,1394500087,404,,
222630,100653757,1395275021,404,,
4695096,100649537,1394510714,404,,
1739060,100649537,1394526984,404,,
1739060,100646680,1393941594,404,,
1510106,100646680,1393941069,404,,
4152736,100648402,1394199462,404,,
13005411,100658356,1396260183,404,,
179195,100647859,1394119887,404,,
2883508,100649537,1394502335,404,,
890803,100655565,1395638356,404,,
2302809,100646680,1393940998,404,,
2971813,100649537,1394502358,404,,
239754,100655565,1395726837,404,,
456596,100649537,1394506113,404,,
1652031,100655565,1395646329,404,,
1652031,100649537,1394499891,404,,
5828448,100649537,1394513136,404,,
5828449,100649537,1394513169,404,,
2597542,100649537,1394525327,404,,
1739161,100648179,1394454672,404,,
1739161,100646976,1394009070,404,,
5793497,100649537,1394505405,404,,
1541096,100646680,1393937615,404,,
5934586,100649537,1394516338,404,,
5720821,100649537,1394523673,404,,
1387571,100649537,1394499339,404,,
6140886,100649537,1394500416,404,,
117000,100649537,1394505818,404,,
316125,100649537,1394500983,404,,
316125,100646680,1393940602,404,,
5863013,100649537,1394528445,404,,
5863013,100649537,1394517591,404,,
6087718,100649537,1394521061,404,,
2293283,100655565,1395637229,404,,
2037788,100655565,1395662201,404,,
6833250,100653757,1395235310,404,,
6833250,100649537,1394511465,404,,
2354500,100657172,1395882175,404,,
2354500,100655833,1395710076,404,,
681075,100649537,1394531791,404,,
195648,100658670,1396240311,404,,
195648,100655565,1395634755,404,,
195648,100649537,1394522976,404,,
195648,100649537,1394516639,404,,
195648,100649537,1394514174,404,,
195648,100649537,1394498860,404,,
195648,100648402,1394200497,404,,
195648,100647414,1394075126,404,,
6039811,100649537,1394512945,404,,
6330504,100649537,1394504202,404,,
377233,100647243,1394153984,404,,
6194820,100649537,1394507508,404,,
6039819,100649537,1394516047,404,,
3500361,100653757,1395237299,404,,
3500361,100649537,1394513953,404,,
1808766,100646680,1393940956,404,,
2830747,100646728,1394001775,404,,
11481534,100655833,1395734504,404,,
5934721,100649537,1394516118,404,,
3593513,100649537,1394501125,404,,
1341617,100649537,1394501295,404,,
1015636,100655565,1395646318,404,,
1015636,100649537,1394513374,404,,
143857,100649537,1394500201,404,,
143857,100648402,1394248402,404,,
143857,100646680,1393937493,404,,
8846350,100658489,1396161815,404,,
2987634,100649537,1394503788,404,,
786039,100647926,1394156656,404,,
786039,100647243,1394067914,404,,
10459397,100653757,1395278425,404,,
805408,100647243,1394101862,404,,
805408,100646861,1394025769,404,,
2761227,100649537,1394513631,404,,
1201690,100646680,1393935863,404,,
3655232,100658670,1396247187,404,,
3655232,100655565,1395648532,404,,
3655232,100653757,1395240945,404,,
1722299,100649537,1394509163,404,,
5775735,100649537,1394519753,404,,
6512751,100649537,1394514854,404,,
5720539,100649537,1394513710,404,,
377043,100647243,1394181554,404,,
1962505,100655833,1395725687,404,,
1962505,100647940,1394245448,404,,
6157845,100649537,1394504973,404,,
1968724,100646680,1393938011,404,,
2102376,100649537,1394503910,404,,
2102376,100646680,1393936604,404,,
820866,100648402,1394330089,404,,
820866,100648179,1394268007,404,,
820866,100647243,1394077974,404,,
2085935,100647484,1394156215,404,,
1419079,100655565,1395640551,404,,
1062172,100649537,1394502157,404,,
7802544,100653757,1395237073,404,,
2459224,100655565,1395638983,404,,
5897867,100649537,1394509708,404,,
3888958,100655565,1395642489,404,,
6972351,100649537,1394500697,404,,
331022,100649537,1394515331,404,,
331022,100646680,1393938618,404,,
3923534,100649537,1394504166,404,,
1372207,100646680,1393939268,404,,
976125,100649537,1394510512,404,,
976125,100646680,1393943645,404,,
805707,100649537,1394508809,404,,
1479390,100646680,1393942236,404,,
2584060,100646680,1393936897,404,,
5899817,100649537,1394516095,404,,
3562881,100649537,1394505253,404,,
1015387,100649537,1394529404,404,,
1916800,100649537,1394504574,404,,
1916800,100646680,1393936828,404,,
5000974,100649537,1394506721,404,,
5899891,100649537,1394520845,404,,
21110,100646661,1393944932,404,,
4541864,100647243,1394355245,404,,
4541864,100647243,1394354871,404,,
3361029,100649537,1394503655,404,,
4977756,100647866,1394418566,404,,
4340656,100655565,1395645279,404,,
457262,100655565,1395634752,404,,
457262,100649537,1394505042,404,,
457262,100648402,1394231930,404,,
543999,100647243,1394426920,404,,
1384753,100646680,1393936339,404,,
1384753,100646680,1393935109,404,,
2779367,100649537,1394530761,404,,
667170,100649537,1394516985,404,,
2164974,100649537,1394507104,404,,
1462456,100649537,1394500235,404,,
1792734,100645328,1393921670,404,,
3331052,100647243,1394086856,404,,
9511347,100655565,1395655678,404,,
3345841,100647243,1394080163,404,,
3345841,100647243,1394079420,404,,
1294856,100646680,1393942615,404,,
6158701,100649537,1394509203,404,,
614237,100649537,1394502913,404,,
441957,100658356,1396083653,404,,
766986,100646661,1393979364,404,,
3391519,100649537,1394505053,404,,
1233170,100649537,1394510965,404,,
4115067,100649537,1394511465,404,,
4115067,100649537,1394500493,404,,
4115067,100649537,1394499728,404,,
4115067,100648402,1394338131,404,,
908845,100649537,1394520622,404,,
908845,100644660,1393832708,404,,
36995,100643672,1393726839,404,,
457362,100655833,1395737930,404,,
2565851,100653757,1395235460,404,,
2565851,100649537,1394505755,404,,
2565851,100648402,1394202887,404,,
6054876,100649537,1394503606,404,,
6054876,100649537,1394501751,404,,
5848261,100649537,1394503746,404,,
85727,100655565,1395649764,404,,
85727,100655565,1395634655,404,,
85727,100653757,1395236952,404,,
85727,100649537,1394503216,404,,
85727,100649537,1394502523,404,,
85727,100649537,1394501724,404,,
85727,100649537,1394499230,404,,
85727,100648402,1394297268,404,,
85727,100648402,1394196400,404,,
85727,100647243,1394079570,404,,
85727,100646680,1393943247,404,,
85727,100646680,1393936287,404,,
85727,100646680,1393935522,404,,
5737000,100649537,1394507922,404,,
177898,100653757,1395240638,404,,
1895982,100648402,1394251493,404,,
3799031,100647243,1394158448,404,,
2810261,100649537,1394503549,404,,
1340928,100656669,1395800424,404,,
5794670,100649537,1394510455,404,,
614206,100649537,1394512323,404,,
5794632,100649537,1394509279,404,,
5988265,100649537,1394520394,404,,
596511,100649537,1394500752,404,,
596511,100648179,1394417655,404,,
3039497,100648179,1394240541,404,,
3039497,100647882,1394209919,404,,
3039497,100647882,1394209918,404,,
266356,100648402,1394249250,404,,
782683,100649537,1394501156,404,,
23648,100649537,1394515309,404,,
3544848,100649537,1394514536,404,,
3376498,100655565,1395648706,404,,
767399,100655565,1395635192,404,,
2152405,100649537,1394511001,404,,
821375,100646861,1394023444,404,,
5473123,100653757,1395239956,404,,
8844058,100647926,1394800724,404,,
683003,100653757,1395279764,404,,
683003,100647243,1394158838,404,,
683003,100647243,1394157255,404,,
5259166,100649537,1394502170,404,,
3499652,100649537,1394508147,404,,
927635,100644660,1393815567,404,,
6499320,100655565,1395651175,404,,
6299381,100649537,1394514837,404,,
3376388,100647383,1394441212,404,,
1793021,100646680,1393935106,404,,
627665,100658670,1396234654,404,,
1436964,100655565,1395634396,404,,
1436964,100649537,1394512715,404,,
6248212,100649537,1394512484,404,,
9333602,100655833,1395665729,404,,
5825373,100649537,1394502240,404,,
4371385,100653757,1395238352,404,,
4371385,100649537,1394511212,404,,
645063,100646680,1393931881,404,,
3874278,100649537,1394503329,404,,
5900518,100649537,1394500788,404,,
2693257,100646680,1393978986,404,,
2693257,100646680,1393978969,404,,
7631197,100653757,1395232226,404,,
1358378,100646680,1393939369,404,,
1358378,100646680,1393936618,404,,
363075,100649537,1394505098,404,,
10474058,100653757,1395272181,404,,
5737275,100649537,1394513367,404,,
962208,100646680,1393937688,404,,
3905503,100649537,1394513700,404,,
3905503,100649449,1394449138,404,,
6546902,100655565,1395653285,404,,
6546902,100649537,1394502610,404,,
3874431,100647782,1394170034,404,,
3874431,100647243,1394170028,404,,
1558609,100646680,1393938052,404,,
839562,100649537,1394505928,404,,
1294490,100648179,1394294556,404,,
1294490,100647926,1394294433,404,,
5580661,100655565,1395655288,404,,
5017379,100649537,1394502366,404,,
5753906,100649537,1394501378,404,,
24378,100655565,1395637680,404,,
24378,100652943,1395129519,404,,
24378,100649537,1394531892,404,,
24378,100649537,1394527364,404,,
24378,100649537,1394527184,404,,
24378,100649537,1394505491,404,,
24378,100648701,1394281899,404,,
24378,100648619,1394281892,404,,
24378,100648619,1394265906,404,,
24378,100648619,1394262577,404,,
24378,100648334,1394190808,404,,
24378,100648043,1394190769,404,,
24378,100648179,1394177276,404,,
24378,100648070,1394177267,404,,
24378,100648103,1394177245,404,,
24378,100648043,1394177244,404,,
24378,100647940,1394164442,404,,
24378,100647484,1394082154,404,,
24378,100647484,1394075938,404,,
24378,100646861,1394020621,404,,
24378,100646680,1393942231,404,,
24378,100646661,1393942224,404,,
24378,100646728,1393942153,404,,
24378,100645743,1393839788,404,,
5719422,100649537,1394530352,404,,
3698439,100649537,1394511924,404,,
3750084,100649537,1394500964,404,,
2259920,100655565,1395637640,404,,
2259920,100649537,1394512749,404,,
24548,100649537,1394500216,404,,
24548,100645328,1393820683,404,,
3093837,100647414,1394099435,404,,
3093837,100647243,1394072533,404,,
626718,100647243,1394429512,404,,
3698468,100647243,1394167932,404,,
3698468,100648070,1394167255,404,,
3482101,100649537,1394506538,404,,
1878215,100646680,1393936772,404,,
1983381,100649537,1394503575,404,,
1983381,100646680,1393934550,404,,
3330423,100655565,1395634720,404,,
1823172,100646680,1393935789,404,,
1142735,100649537,1394503500,404,,
3594627,100649537,1394508425,404,,
2580582,100646680,1393935700,404,,
10144493,100647926,1395218968,404,,
5459408,100655565,1395653548,404,,
2864575,100648402,1394373375,404,,
2711241,100647529,1394078406,404,,
2711241,100647414,1394076402,404,,
752320,100649537,1394514886,404,,
752320,100649537,1394502960,404,,
697486,100644660,1393830766,404,,
5351246,100655565,1395641193,404,,
98390,100655565,1395704584,404,,
98390,100653757,1395279536,404,,
98390,100645328,1393809997,404,,
55184,100646728,1394013988,404,,
873594,100653757,1395235587,404,,
873594,100646680,1393937801,404,,
6109123,100649537,1394518881,404,,
11903485,100654496,1395916693,404,,
1125004,100646680,1393937081,404,,
5824885,100649537,1394520470,404,,
2002842,100655565,1395652728,404,,
5274043,100655565,1395649994,404,,
5274043,100649537,1394528452,404,,
1497838,100645328,1394084074,404,,
557573,100655565,1395648711,404,,
2554801,100653757,1395224838,404,,
1124933,100646680,1393935269,404,,
1124934,100646680,1393935224,404,,
1111053,100649537,1394504760,404,,
2244134,100649537,1394529050,404,,
2244134,100649537,1394514785,404,,
3729349,100647782,1394241929,404,,
421955,100648334,1394189559,404,,
712869,100655565,1395634588,404,,
5918289,100649537,1394509575,404,,
5086625,100655565,1395657374,404,,
2380887,100655565,1395641896,404,,
2380887,100649537,1394513104,404,,
2380887,100646680,1393938078,404,,
1203166,100649537,1394517547,404,,
5949418,100649537,1394512293,404,,
5949418,100649537,1394512219,404,,
5809441,100649537,1394528245,404,,
2018109,100646680,1393939931,404,,
208743,100648402,1394283774,404,,
208743,100646680,1393941097,404,,
766207,100647243,1394087147,404,,
1265517,100649537,1394504213,404,,
53379,100648402,1394273076,404,,
2476361,100649537,1394507240,404,,
683741,100649537,1394504703,404,,
838031,100655565,1395649036,404,,
5753434,100647383,1394506633,404,,
5753434,100649537,1394504651,404,,
5778279,100649537,1394511042,404,,
858081,100647243,1394074690,404,,
3727362,100649537,1394509500,404,,
6468635,100649537,1394506217,404,,
2335722,100647243,1394070224,404,,
1966459,100646728,1393989705,404,,
9822342,100658356,1396072092,404,,
163712,100649537,1394509783,404,,
10444419,100653757,1395260025,404,,
2617292,100647940,1394157848,404,,
1463377,100646680,1393935135,404,,
5916969,100649537,1394531271,404,,
11904568,100656170,1395918531,404,,
3991640,100658670,1396248051,404,,
3991640,100649537,1394502117,404,,
7130834,100646976,1394614838,404,,
2364961,100646680,1393938818,404,,
5718668,100649537,1394507155,404,,
302478,100658356,1396071475,404,,
146117,100653757,1395276924,404,,
146117,100648179,1394671983,404,,
146117,100646661,1393982426,404,,
643905,100655565,1395650944,404,,
643905,100648402,1394254493,404,,
643905,100648043,1394171275,404,,
643905,100646680,1393936276,404,,
5778017,100649537,1394503375,404,,
2260086,100646680,1393939633,404,,
441327,100645131,1393815742,404,,
597543,100655565,1395635750,404,,
597543,100645737,1393823611,404,,
597543,100645743,1393823456,404,,
1047990,100649537,1394510159,404,,
1047990,100646680,1393938307,404,,
4417869,100649537,1394501324,404,,
4133250,100649537,1394502649,404,,
6575766,100649537,1394501207,404,,
4557344,100649537,1394499810,404,,
2054046,100649537,1394505952,404,,
2054046,100646680,1393934580,404,,
1047933,100646680,1393936822,404,,
4150686,100655565,1395640907,404,,
10457808,100653757,1395284762,404,,
5738348,100649537,1394520264,404,,
5753767,100649537,1394517624,404,,
3456116,100647243,1394110085,404,,
10457801,100653757,1395283576,404,,
4280312,100655565,1395634763,404,,
1030621,100646680,1393939197,404,,
344866,100653757,1395241047,404,,
344866,100646680,1393938615,404,,
3283804,100649537,1394502473,404,,
683863,100647926,1394175058,404,,
84958,100647243,1394093379,404,,
84958,100646680,1393935927,404,,
1793803,100649537,1394501257,404,,
527780,100649537,1394508846,404,,
4027353,100649537,1394501484,404,,
1080224,100646680,1393942860,404,,
3161769,100649537,1394520512,404,,
3283108,100658356,1396064360,404,,
3283108,100647484,1394077562,404,,
753587,100655565,1395652473,404,,
753587,100646680,1393935299,404,,
3578361,100649537,1394511679,404,,
1700687,100649537,1394503235,404,,
502715,100643742,1393816100,404,,
5288294,100649537,1394517780,404,,
2670935,100649537,1394499147,404,,
872717,100647243,1394104437,404,,
2414650,100649537,1394501863,404,,
2414650,100646680,1393939325,404,,
302826,100647940,1394457184,404,,
1507833,100643742,1393934496,404,,
6001940,100649537,1394511833,404,,
558972,100645328,1393820337,404,,
1929859,100649537,1394501817,404,,
1929859,100646680,1393939251,404,,
4310275,100649537,1394508916,404,,
574386,100653757,1395276303,404,,
2260887,100649537,1394523674,404,,
467587,100649537,1394504664,404,,
467587,100648402,1394420559,404,,
467587,100647243,1394073527,404,,
1030808,100646680,1393942505,404,,
753412,100655565,1395636756,404,,
788073,100655565,1395636485,404,,
788073,100649537,1394514010,404,,
788073,100649537,1394512129,404,,
788073,100649537,1394501585,404,,
788073,100649537,1394499821,404,,
788073,100647243,1394070310,404,,
788073,100646680,1393936741,404,,
99739,100652943,1395125596,404,,
99739,100647882,1394159737,404,,
2616712,100647866,1394111403,404,,
2616712,100647882,1394111377,404,,
3533030,100649537,1394511402,404,,
3712580,100648402,1394205051,404,,
978185,100646680,1393941733,404,,
5986358,100649537,1394513474,404,,
5986358,100649537,1394513232,404,,
5986358,100649537,1394513167,404,,
176471,100648402,1394213339,404,,
4045896,100648402,1394197061,404,,
1339789,100646680,1393938519,404,,
1278224,100646680,1393936795,404,,
2119725,100646680,1393943282,404,,
665936,100648402,1394237990,404,,
665936,100645633,1394067333,404,,
665936,100647243,1394066894,404,,
9547643,100652943,1395127814,404,,
5336627,100649537,1394503289,404,,
1559928,100646680,1393936990,404,,
1685219,100649537,1394503380,404,,
1584227,100649537,1394529349,404,,
1584227,100646680,1393938901,404,,
3851565,100649537,1394510492,404,,
12851827,100658356,1396176758,404,,
12789588,100658489,1396179354,404,,
12789588,100658461,1396175307,404,,
5901962,100649537,1394506557,404,,
318431,100655833,1395713355,404,,
4185657,100653757,1395238934,404,,
4185657,100649537,1394503652,404,,
3376025,100649537,1394514257,404,,
788229,100649537,1394500254,404,,
1247240,100646680,1393938110,404,,
6453980,100649537,1394511740,404,,
7773244,100655565,1395642364,404,,
318378,100649537,1394502835,404,,
11987103,100656170,1395907953,404,,
5677654,100649537,1394500219,404,,
466877,100649537,1394498210,404,,
466877,100647243,1394171758,404,,
466877,100647243,1394068308,404,,
8815,100653757,1395269387,404,,
8815,100647940,1394333787,404,,
8815,100646661,1393984106,404,,
3406680,100649537,1394513511,404,,
849496,100647243,1394109157,404,,
849496,100647243,1394108567,404,,
849496,100647243,1394085774,404,,
849496,100647243,1394082465,404,,
1205230,100649537,1394511701,404,,
1205230,100649537,1394506282,404,,
2695922,100649537,1394519176,404,,
43981,100649449,1394449473,404,,
2299207,100655565,1395656479,404,,
2299207,100646680,1393942411,404,,
955562,100649537,1394505068,404,,
11987108,100543823,1395867761,404,,
3336200,100655565,1395729019,404,,
3336200,100655833,1395728958,404,,
182632,100658670,1396246127,404,,
182632,100656669,1395800943,404,,
182632,100656170,1395727845,404,,
182632,100656170,1395727752,404,,
182632,100655833,1395660166,404,,
182632,100647243,1394190268,404,,
182632,100647243,1394189995,404,,
182632,100646680,1393931247,404,,
1553681,100649537,1394512827,404,,
3865011,100647866,1394153459,404,,
3865011,100647882,1394153459,404,,
3865011,100647866,1394153458,404,,
1872289,100646680,1393942008,404,,
1872289,100646680,1393940601,404,,
3053262,100647243,1394150914,404,,
5869139,100649537,1394524914,404,,
1154046,100646661,1393943953,404,,
3336391,100649537,1394499875,404,,
4186786,100648619,1394272619,404,,
4186786,100648619,1394271915,404,,
272956,100658670,1396236649,404,,
272956,100649537,1394500371,404,,
5609416,100649537,1394502273,404,,
3458574,100649537,1394527010,404,,
1313137,100649537,1394500691,404,,
1313137,100648402,1394197202,404,,
304002,100649537,1394505043,404,,
5963590,100649537,1394502335,404,,
2668771,100647383,1394032235,404,,
1612278,100649537,1394500141,404,,
4707894,100649537,1394505164,404,,
537348,100658670,1396238325,404,,
537348,100655833,1395741313,404,,
537348,100648043,1394247926,404,,
537348,100647882,1394177700,404,,
4017530,100649537,1394501040,404,,
4017530,100648402,1394206335,404,,
5884441,100649537,1394504318,404,,
442636,100649537,1394513443,404,,
1468934,100649537,1394526015,404,,
4343230,100655565,1395636308,404,,
252733,100647243,1394262946,404,,
252733,100647243,1394262725,404,,
252733,100646728,1394031672,404,,
252733,100646661,1394031665,404,,
4514535,100649537,1394505087,404,,
5764235,100649537,1394509417,404,,
390625,100649537,1394504348,404,,
390625,100646680,1393935615,404,,
2400316,100649537,1394512206,404,,
5088387,100655565,1395638003,404,,
5088387,100649537,1394513726,404,,
132454,100647243,1394115487,404,,
132454,100647243,1394115382,404,,
1002487,100649537,1394499023,404,,
1002487,100648402,1394197262,404,,
5772684,100649537,1394504091,404,,
372995,100649537,1394506835,404,,
1453822,100649537,1394502722,404,,
3286106,100649537,1394509568,404,,
1733421,100646680,1393935480,404,,
2314482,100649537,1394500068,404,,
4906435,100648179,1394441574,404,,
6804913,100649537,1394499042,404,,
910337,100649537,1394529900,404,,
910337,100648402,1394198739,404,,
910337,100646680,1393940917,404,,
554598,100647243,1394063600,404,,
3675075,100647782,1394155174,404,,
202264,100648701,1394329196,404,,
202264,100648402,1394198529,404,,
6941435,100649537,1394505389,404,,
4325876,100655565,1395655804,404,,
1204804,100646680,1393935589,404,,
4238952,100648402,1394248820,404,,
4238952,100647926,1394248390,404,,
1674127,100655565,1395643516,404,,
1674127,100649537,1394501864,404,,
290754,100646680,1393937651,404,,
6301125,100649537,1394515010,404,,
3479935,100649537,1394507430,404,,
1767969,100649537,1394502823,404,,
598275,100649537,1394498943,404,,
598275,100646680,1393935254,404,,
11055499,100655565,1395661991,404,,
5807335,100649537,1394506467,404,,
5746858,100649537,1394517818,404,,
5746858,100649537,1394517498,404,,
5746858,100649537,1394507105,404,,
4933606,100647782,1394902163,404,,
4933606,100647243,1394461593,404,,
4933606,100647243,1394461238,404,,
1903263,100655565,1395654257,404,,
1903263,100646680,1393940661,404,,
2470862,100646680,1393942234,404,,
1343922,100646680,1393934752,404,,
3321198,100648402,1394249193,404,,
651191,100646680,1393942013,404,,
5747555,100649537,1394509236,404,,
5747554,100649537,1394511708,404,,
5990223,100649537,1394514916,404,,
1430957,100646680,1393938272,404,,
2074358,100649537,1394523615,404,,
1066972,100646680,1393935008,404,,
251977,100647782,1394954358,404,,
6254536,100649537,1394504822,404,,
1630108,100646680,1393935101,404,,
3497575,100649537,1394511077,404,,
1344029,100649537,1394510142,404,,
1344029,100646680,1393938524,404,,
1920502,100649537,1394503675,404,,
25610,100646976,1394066888,404,,
4218893,100655565,1395651544,404,,
3788362,100649537,1394498882,404,,
6650307,100649537,1394502063,404,,
2819682,100658670,1396236072,404,,
2819682,100646861,1394008120,404,,
1017140,100646680,1393938022,404,,
5228023,100649537,1394505910,404,,
3007953,100646976,1394022346,404,,
554374,100646680,1393938003,404,,
496859,100659282,1396270027,404,,
1084014,100649537,1394502663,404,,
1084014,100648402,1394196205,404,,
1101493,100648402,1394197363,404,,
1101493,100646680,1393939058,404,,
3865354,100649537,1394501321,404,,
10154294,100655565,1395645988,404,,
10016575,100654496,1396000710,404,,
3709422,100648179,1395621865,404,,
940796,100647782,1394412892,404,,
940796,100645131,1393895464,404,,
2563723,100647243,1394153255,404,,
1032293,100646680,1393936415,404,,
2400793,100649537,1394504394,404,,
2400793,100646680,1393940472,404,,
1032268,100646680,1393934894,404,,
2370487,100649537,1394502660,404,,
2370487,100646680,1393937571,404,,
633439,100649537,1394507827,404,,
3815349,100647940,1394160302,404,,
3815362,100649537,1394513460,404,,
849204,100653757,1395285343,404,,
4079363,100649537,1394500290,404,,
4568914,100648701,1394371441,404,,
2594676,100649537,1394533161,404,,
2418357,100655565,1395641781,404,,
2418357,100649537,1394499998,404,,
5788637,100649537,1394518328,404,,
5788637,100649537,1394517811,404,,
2757700,100647243,1394200306,404,,
5747392,100649537,1394505406,404,,
5747392,100649537,1394505266,404,,
5747392,100649537,1394504936,404,,
5747392,100649537,1394504781,404,,
201983,100655565,1395640679,404,,
201983,100655565,1395634150,404,,
201983,100649537,1394524692,404,,
201983,100649537,1394517073,404,,
201983,100649537,1394516253,404,,
201983,100649537,1394515559,404,,
201983,100649537,1394508897,404,,
201983,100649537,1394507857,404,,
201983,100649537,1394501070,404,,
201983,100649537,1394499762,404,,
201983,100648179,1394356362,404,,
201983,100648619,1394270654,404,,
201983,100648402,1394270599,404,,
201983,100646728,1393985372,404,,
201983,100646680,1393943495,404,,
201983,100646680,1393940900,404,,
201983,100646680,1393934721,404,,
201983,100646680,1393931230,404,,
5764634,100649537,1394524447,404,,
12959676,100656170,1396230360,404,,
1577788,100646680,1393940720,404,,
616347,100649537,1394506729,404,,
616347,100644660,1393825508,404,,
5928447,100649537,1394512048,404,,
3099458,100655833,1395722973,404,,
3099458,100647243,1394169170,404,,
722267,100647940,1394439222,404,,
5990142,100649537,1394512129,404,,
5990020,100649537,1394507646,404,,
3268277,100647782,1394156471,404,,
3268277,100647383,1394067987,404,,
956264,100649537,1394506943,404,,
1484212,100646680,1393938160,404,,
397177,100648179,1394195551,404,,
397177,100647243,1394069948,404,,
1638519,100646680,1393936048,404,,
5806463,100649537,1394506181,404,,
5850921,100649537,1394522247,404,,
2370784,100648402,1394250580,404,,
1257573,100646680,1393937664,404,,
5868125,100649537,1394521012,404,,
599212,100647243,1394097386,404,,
599212,100647243,1394097289,404,,
4870504,100653757,1395237429,404,,
1314257,100646680,1393940850,404,,
5927538,100649537,1394526646,404,,
6968080,100655565,1395645615,404,,
6968080,100653757,1395246957,404,,
4590780,100647383,1394363373,404,,
4590780,100648402,1394362804,404,,
11902294,100656170,1395902098,404,,
3619537,100649537,1394506613,404,,
1751841,100646680,1393943329,404,,
3495986,100647383,1394091669,404,,
4967345,100656170,1395717944,404,,
7444927,100658670,1396242468,404,,
7444927,100653757,1395235963,404,,
129046,100655565,1395639972,404,,
129046,100649537,1394510626,404,,
5608343,100649537,1394502440,404,,
1344657,100649537,1394502137,404,,
2486828,100649537,1394515061,404,,
1329602,100647243,1394086852,404,,
1329602,100647383,1394028607,404,,
833127,100653757,1395276738,404,,
4220501,100648619,1394273289,404,,
3691146,100647243,1394509341,404,,
3691146,100647243,1394250926,404,,
1257608,100646680,1393936426,404,,
1034178,100646680,1393936112,404,,
1950391,100648402,1394198358,404,,
878675,100649537,1394505109,404,,
395281,100649537,1394505689,404,,
2945251,100647243,1394180305,404,,
3813385,100647243,1394201453,404,,
634336,100649537,1394503924,404,,
941435,100649537,1394503847,404,,
4536545,100649537,1394505315,404,,
5833446,100649537,1394507729,404,,
3197717,100649537,1394509175,404,,
465609,100656669,1395800315,404,,
465609,100654484,1395647628,404,,
465609,100654484,1395647135,404,,
465609,100654496,1395647129,404,,
465609,100648179,1394418495,404,,
465609,100644660,1393828575,404,,
6564313,100649537,1394518712,404,,
4203391,100648619,1394279817,404,,
599495,100647484,1394148366,404,,
588697,100646680,1393941969,404,,
4157093,100658356,1396175854,404,,
3787230,100653757,1395286075,404,,
3787230,100649537,1394505041,404,,
954708,100646680,1393939231,404,,
1135391,100655565,1395640212,404,,
1135391,100649537,1394506495,404,,
6222560,100649537,1394504729,404,,
5104821,100649537,1394518546,404,,
5104821,100649537,1394517939,404,,
6907882,100649537,1394524099,404,,
304853,100648402,1394198774,404,,
304853,100646680,1393937368,404,,
3940348,100647926,1394156761,404,,
1135453,100653757,1395242180,404,,
1135453,100649537,1394511549,404,,
1135453,100646680,1393939762,404,,
3389973,100647243,1394425544,404,,
3892991,100649537,1394504743,404,,
11118288,100655565,1395647291,404,,
634657,100656170,1395718615,404,,
634657,100655565,1395633263,404,,
634657,100648070,1394171290,404,,
12977890,100658670,1396235979,404,,
5717634,100649537,1394503673,404,,
273559,100655565,1395654294,404,,
273559,100649537,1394508462,404,,
273559,100646680,1393938369,404,,
1100384,100649537,1394526952,404,,
2106971,100646680,1393935669,404,,
738347,100649537,1394514909,404,,
738347,100646680,1393936611,404,,
24651,100653757,1395236082,404,,
24651,100649537,1394523060,404,,
24651,100649537,1394516881,404,,
24651,100649537,1394507950,404,,
24651,100649537,1394500602,404,,
24651,100646680,1393936332,404,,
3354852,100657892,1396253743,404,,
3354852,100656669,1395801105,404,,
3354852,100259173,1394588799,404,,
3354852,100648619,1394262230,404,,
3354852,100648334,1394189201,404,,
3354852,100648043,1394175188,404,,
3354852,100647812,1394153791,404,,
3354852,100647802,1394102950,404,,
5989311,100649537,1394523212,404,,
1500243,100646680,1393934484,404,,
3909885,100649537,1394515855,404,,
6703294,100649537,1394509869,404,,
4327135,100649537,1394513338,404,,
660334,100647866,1394109863,404,,
660334,100647414,1394089632,404,,
660334,100646861,1394075489,404,,
59794,100649537,1394502061,404,,
59794,100648179,1394416483,404,,
59794,100647383,1394414880,404,,
59794,100647926,1394346985,404,,
59794,100648619,1394283072,404,,
59794,100648402,1394282780,404,,
59794,100648103,1394178062,404,,
59794,100647243,1394115269,404,,
59794,100647882,1394115069,404,,
4047507,100655565,1395639625,404,,
660326,100655833,1395660149,404,,
7635173,100655565,1395667552,404,,
553372,100647243,1394070690,404,,
2853831,100649537,1394522866,404,,
7600188,100658670,1396235608,404,,
5772247,100649537,1394528243,404,,
755713,100649537,1394503838,404,,
755713,100646680,1393934618,404,,
3866300,100649537,1394499816,404,,
273919,100646661,1393942709,404,,
273919,100646680,1393942666,404,,
677411,100656669,1395800573,404,,
677411,100654496,1395647101,404,,
114635,100649537,1394514377,404,,
5806609,100655565,1395638861,404,,
5806609,100649537,1394514273,404,,
5135074,100649537,1394503395,404,,
4126260,100649537,1394501172,404,,
1830888,100647243,1394154399,404,,
588190,100649537,1394510066,404,,
4032485,100649537,1394512708,404,,
94802,100647383,1394088671,404,,
1654915,100649537,1394506764,404,,
289152,100648402,1394237128,404,,
941607,100647926,1394167830,404,,
2486566,100653757,1395236685,404,,
2486566,100646680,1393940620,404,,
5850283,100649537,1394502825,404,,
1768510,100646680,1393941654,404,,
1414290,100649537,1394515276,404,,
5850311,100649537,1394503241,404,,
24860,100626045,1393642493,404,,
5927388,100649537,1394518333,404,,
1918991,100646680,1393937786,404,,
1310441,100649537,1394502668,404,,
1768530,100646680,1393942599,404,,
4108923,100649537,1394505922,404,,
12680755,100656854,1396155321,404,,
12680755,100658356,1396055496,404,,
3232577,100648402,1394432176,404,,
396086,100649537,1394500843,404,,
4536884,100649537,1394519682,404,,
1500441,100649537,1394504486,404,,
1500441,100646680,1393939035,404,,
200931,100658356,1396188234,404,,
5749188,100649537,1394533550,404,,
3737910,100649537,1394504423,404,,
1260687,100649537,1394513582,404,,
957441,100646680,1393935995,404,,
5882445,100649537,1394523695,404,,
5882445,100649537,1394523033,404,,
5944202,100655565,1395646026,404,,
5944202,100649537,1394514356,404,,
860329,100648070,1394171263,404,,
860329,100647243,1394076367,404,,
860329,100647414,1394076282,404,,
860329,100646350,1393911453,404,,
2930775,100655565,1395649732,404,,
2930775,100649537,1394522172,404,,
1291606,100655565,1395660228,404,,
394350,100655565,1395639633,404,,
394350,100649537,1394503540,404,,
394350,100646680,1393934573,404,,
4092028,100649537,1394507640,404,,
5471262,100649537,1394500586,404,,
2666650,100647243,1394067895,404,,
1451795,100649537,1394503317,404,,
6598085,100649537,1394503195,404,,
5731569,100649537,1394500182,404,,
2913582,100647866,1394164273,404,,
877614,100655565,1395646159,404,,
1237583,100646680,1393939703,404,,
1237583,100646680,1393938661,404,,
1363109,100649537,1394516021,404,,
59136,100649537,1394501585,404,,
1035112,100655565,1395642404,404,,
4856220,100649537,1394522339,404,,
4221667,100649537,1394512821,404,,
799560,100656170,1395722427,404,,
922950,100649537,1394502844,404,,
1311120,100648070,1394169162,404,,
1311120,100647414,1394068974,404,,
1311120,100645328,1393987229,404,,
4032666,100649537,1394507159,404,,
3755278,100647243,1394155104,404,,
3358321,100647243,1394084265,404,,
4873592,100649537,1394521259,404,,
5521543,100649537,1394502929,404,,
5521543,100649537,1394502259,404,,
894995,100646680,1393936987,404,,
5731770,100649537,1394504286,404,,
3847321,100647882,1394166756,404,,
3847321,100648070,1394166669,404,,
4126874,100649537,1394501822,404,,
6494427,100649537,1394507081,404,,
7902962,100653757,1395243552,404,,
5851828,100649537,1394505290,404,,
3997878,100649537,1394500851,404,,
3724840,100647383,1394166130,404,,
5748925,100649537,1394519924,404,,
5748925,100649537,1394507366,404,,
570276,100649537,1394503215,404,,
6542815,100649537,1394504811,404,,
2076130,100655565,1395649984,404,,
2076130,100649537,1394507518,404,,
1827308,100648402,1394233672,404,,
3389075,100655565,1395645487,404,,
600572,100648179,1395024527,404,,
600572,100648070,1394440348,404,,
600572,100648070,1394435597,404,,
587688,100646680,1393942284,404,,
5151173,100649537,1394504983,404,,
5151173,100649537,1394504579,404,,
479801,100649537,1394507847,404,,
479801,100648070,1394171240,404,,
5731677,100649537,1394502791,404,,
912411,100653757,1395242861,404,,
1310860,100646680,1393939886,404,,
235453,100648043,1394169460,404,,
464608,100656170,1395728555,404,,
464608,100655565,1395640559,404,,
464608,100648070,1394171457,404,,
464608,100647859,1394171431,404,,
464608,100646661,1393979757,404,,
1780958,100646680,1393943502,404,,
2561233,100656170,1395717977,404,,
5168425,100649537,1394506237,404,,
1780934,100646680,1393942383,404,,
3954647,100655565,1395647784,404,,
3954647,100649537,1394501986,404,,
799344,100647243,1394120277,404,,
4188309,100648619,1394280033,404,,
799160,100655565,1395645104,404,,
1556479,100655565,1395642391,404,,
1556479,100649537,1394502189,404,,
1765722,100649537,1394515146,404,,
5790461,100649537,1394507657,404,,
4188326,100648179,1394449522,404,,
4188326,100648179,1394292109,404,,
4188326,100647926,1394291212,404,,
4188326,100648402,1394289405,404,,
5277186,100649537,1394504124,404,,
445300,100646861,1394005861,404,,
10466,100646680,1393935950,404,,
724003,100656669,1395800793,404,,
4965728,100649537,1394505491,404,,
11899813,100656170,1395894628,404,,
4623340,100649537,1394502402,404,,
165695,100649537,1394522478,404,,
165695,100646680,1393935475,404,,
1857129,100649537,1394500581,404,,
41253,100653757,1395274144,404,,
464266,100649537,1394503108,404,,
464266,100647243,1394082342,404,,
2207940,100646680,1393939631,404,,
2403090,100649537,1394510731,404,,
2403090,100646680,1393938753,404,,
1610523,100646680,1393938052,404,,
1918392,100647866,1394156650,404,,
4692046,100649537,1394499514,404,,
5912794,100649537,1394502477,404,,
249923,100655565,1395646471,404,,
249923,100647243,1394070063,404,,
249923,100646680,1393942195,404,,
128585,100658356,1396062509,404,,
2948635,100649537,1394510868,404,,
3513100,100649537,1394499539,404,,
4904654,100649537,1394503739,404,,
1900843,100649537,1394500330,404,,
2949091,100649537,1394517962,404,,
2332488,100649537,1394507003,404,,
3165296,100649537,1394503535,404,,
4015649,100647243,1394170469,404,,
3035210,100647243,1394080151,404,,
2507250,100647243,1394161100,404,,
2507250,100647243,1394160683,404,,
1688951,100655565,1395639108,404,,
1237456,100649537,1394500884,404,,
1237456,100646680,1393938132,404,,
2437156,100647243,1394071425,404,,
5732238,100649537,1394515038,404,,
2472360,100647926,1394154667,404,,
2472360,100647243,1394150887,404,,
1521469,100646680,1393935933,404,,
5992065,100649537,1394507877,404,,
165404,100646680,1393935765,404,,
1168522,100649537,1394518393,404,,
1688884,100658670,1396236685,404,,
1688884,100655565,1395641112,404,,
1688884,100649537,1394505023,404,,
1688884,100649537,1394500308,404,,
6579109,100649537,1394504995,404,,
1536969,100646680,1393940121,404,,
150406,100655565,1395664585,404,,
1082299,100655565,1395649943,404,,
6085140,100655565,1395663542,404,,
6085140,100649537,1394502913,404,,
5805580,100649537,1394520335,404,,
375610,100646680,1393932286,404,,
429605,100645328,1394169721,404,,
429605,100645328,1393853257,404,,
754745,100648070,1394184663,404,,
1900558,100646680,1393940391,404,,
270809,100647243,1394168022,404,,
270809,100647243,1394167151,404,,
5246571,100657172,1395911321,404,,
2402940,100649537,1394502111,404,,
1034253,100646680,1393938607,404,,
1034269,100646680,1393939583,404,,
2300350,100646680,1393940998,404,,
632196,100645328,1393988876,404,,
754588,100658670,1396242196,404,,
754588,100647940,1394164427,404,,
2759449,100649537,1394504663,404,,
2508465,100649537,1394499148,404,,
2508465,100646680,1393939961,404,,
911748,100647926,1394164945,404,,
911748,100647926,1394160430,404,,
3080447,100658356,1396076500,404,,
481177,100646680,1393935021,404,,
1827950,100646680,1393942118,404,,
709635,100649537,1394521705,404,,
709635,100649537,1394503383,404,,
5730453,100649537,1394510396,404,,
5804464,100649537,1394505764,404,,
5804464,100649537,1394503051,404,,
5011269,100647782,1394434412,404,,
5011269,100647243,1394428308,404,,
12013,100647866,1394111442,404,,
271925,100646661,1393935099,404,,
540517,100649537,1394502020,404,,
1190838,100647243,1394189185,404,,
341255,100648334,1394278863,404,,
1554924,100646680,1393936750,404,,
10686775,100656170,1395732087,404,,
3846519,100655565,1395640141,404,,
3846519,100649537,1394511896,404,,
1595441,100653757,1395238045,404,,
1595441,100646680,1393940554,404,,
5262782,100649537,1394514658,404,,
2330781,100649537,1394499317,404,,
2330781,100646680,1393934690,404,,
6005836,100649537,1394512055,404,,
3405604,100647243,1394162716,404,,
3335207,100647782,1394127836,404,,
1097771,100649537,1394515904,404,,
1097771,100649537,1394515903,404,,
27337,100655565,1395638551,404,,
27337,100647243,1394614246,404,,
27337,100648179,1394413749,404,,
234112,100649537,1394501718,404,,
4751116,100647383,1394334819,404,,
3459716,100649537,1394505436,404,,
2759625,100649537,1394525594,404,,
4949847,100649537,1394502846,404,,
1978984,100649537,1394508735,404,,
800563,100648402,1394201959,404,,
1595464,100646680,1393935232,404,,
4429510,100649537,1394503751,404,,
1554814,100647243,1394084223,404,,
4236235,100648402,1394219733,404,,
6112873,100649537,1394530212,404,,
3708667,100649537,1394509328,404,,
6006236,100649537,1394506457,404,,
127433,100647866,1394158496,404,,
3444650,100647243,1394072500,404,,
5385973,100649537,1394517232,404,,
11287804,100655565,1395642636,404,,
5835319,100649537,1394505975,404,,
3582429,100647243,1394075537,404,,
411133,100649537,1394514931,404,,
411133,100646680,1393939716,404,,
5401159,100649537,1394508196,404,,
5749954,100649537,1394503096,404,,
754419,100649449,1394450378,404,,
5730748,100649537,1394516566,404,,
4049282,100649537,1394507366,404,,
1937243,100646680,1393936106,404,,
3599660,100648402,1394423239,404,,
911600,100655565,1395649299,404,,
911600,100655565,1395647080,404,,
5944967,100649537,1394500313,404,,
12374637,100656170,1395963061,404,,
5072285,100649537,1394502547,404,,
1779944,100646728,1394002509,404,,
3335452,100647414,1394069927,404,,
1082835,100646680,1393939699,404,,
6147909,100649537,1394527775,404,,
6147908,100649537,1394511075,404,,
3405348,100647243,1394072391,404,,
3708507,100647243,1394160299,404,,
1137573,100646680,1393941696,404,,
4949545,100647243,1394438170,404,,
4949545,100647243,1394438042,404,,
1657457,100646680,1393937668,404,,
11135616,100655565,1395652532,404,,
11135616,100655565,1395648015,404,,
11135616,100655565,1395643163,404,,
1397516,100646680,1393937238,404,,
5432154,100649537,1394512763,404,,
4322560,100648402,1394236312,404,,
12100,100649537,1394510050,404,,
2299986,100655565,1395642531,404,,
80978,100655565,1395650035,404,,
80978,100653757,1395282263,404,,
80978,100649537,1394509830,404,,
80978,100649537,1394497259,404,,
4049615,100649537,1394532605,404,,
4049615,100649537,1394528286,404,,
4049615,100649537,1394512792,404,,
321809,100648402,1394194775,404,,
1416627,100649537,1394509917,404,,
1416627,100646680,1393937729,404,,
4375495,100655565,1395649706,404,,
4375495,100649537,1394501189,404,,
11427106,100655565,1395739455,404,,
861922,100655833,1395656714,404,,
2932325,100647383,1394028483,404,,
5773943,100649537,1394509146,404,,
5731033,100649537,1394530279,404,,
2109140,100649537,1394501245,404,,
2109140,100646680,1393934516,404,,
2013521,100645737,1394008249,404,,
357322,100647243,1394069052,404,,
357322,100647243,1394068640,404,,
357322,100646661,1393986810,404,,
4812462,100649537,1394499652,404,,
922556,100653757,1395278698,404,,
2404247,100646680,1393941764,404,,
922501,100647243,1394092391,404,,
922501,100647243,1394073161,404,,
3547998,100647782,1394165082,404,,
1136812,100646680,1393934779,404,,
1018351,100649537,1394511848,404,,
5715587,100649537,1394524190,404,,
5193872,100649537,1394499209,404,,
1381524,100655565,1395651404,404,,
1381524,100649537,1394500539,404,,
5960119,100649537,1394502950,404,,
5960119,100649537,1394502409,404,,
3754805,100649537,1394516036,404,,
7619930,100655833,1395726783,404,,
7619930,100655565,1395642104,404,,
42406,100658670,1396239048,404,,
42406,100648043,1394167490,404,,
42406,100647882,1394149975,404,,
42406,100646728,1393940810,404,,
1277684,100646680,1393940981,404,,
12784987,100654484,1396124330,404,,
12784987,100654496,1396123805,404,,
12784987,100654496,1396123401,404,,
3708166,100619852,1396013288,404,,
3708166,100619852,1396013183,404,,
3708166,100619852,1396011908,404,,
3708166,100619852,1396010901,404,,
7602678,100655565,1395641811,404,,
6208966,100649537,1394512293,404,,
570487,100649537,1394503397,404,,
570487,100646680,1393934501,404,,
4172029,100648619,1394281652,404,,
4172029,100648619,1394281105,404,,
1450434,100646680,1393936931,404,,
42474,100646680,1393943109,404,,
42474,100645328,1393822589,404,,
2247845,100649537,1394500320,404,,
127942,100655833,1395678350,404,,
127942,100649537,1394500109,404,,
127942,100647243,1394214310,404,,
26947,100653757,1395241895,404,,
26947,100653757,1395236894,404,,
26947,100649537,1394533361,404,,
26947,100649537,1394529443,404,,
26947,100649537,1394523238,404,,
26947,100649537,1394521474,404,,
26947,100649537,1394513655,404,,
26947,100649537,1394508706,404,,
26947,100649537,1394505901,404,,
26947,100649537,1394503820,404,,
26947,100649537,1394500402,404,,
26947,100647383,1394149214,404,,
26947,100646680,1393942523,404,,
26947,100646680,1393938357,404,,
26947,100646680,1393937071,404,,
26947,100644660,1393818669,404,,
1136940,100646680,1393936209,404,,
3634657,100655565,1395635744,404,,
3634657,100649537,1394502012,404,,
391943,100655565,1395651532,404,,
3459430,100647243,1394114955,404,,
1736115,100646680,1393942918,404,,
1000723,100646680,1393939705,404,,
2488612,100649537,1394531695,404,,
2488612,100646680,1393936847,404,,
5991077,100649537,1394529433,404,,
1277718,100646680,1393941004,404,,
2193421,100649537,1394501465,404,,
2193421,100646680,1393940745,404,,
57482,100656170,1395749335,404,,
57482,100656170,1395749200,404,,
57482,100645328,1394196879,404,,
57482,100645328,1393854882,404,,
5883227,100649537,1394505629,404,,
5132920,100649537,1394505892,404,,
164462,100653757,1395236984,404,,
151333,100646680,1393931409,404,,
2744326,100649537,1394502180,404,,
11364781,100656170,1395729849,404,,
5883291,100649537,1394507187,404,,
6320095,100649537,1394513496,404,,
6419823,100649537,1394509177,404,,
5944440,100649537,1394501293,404,,
835029,100646661,1393938310,404,,
957402,100646680,1393937289,404,,
850200,100649537,1394507131,404,,
850200,100646680,1393942904,404,,
3513865,100658670,1396234668,404,,
3600321,100649537,1394508547,404,,
2348804,100646350,1393937955,404,,
4172253,100648402,1394248359,404,,
2438276,100646680,1393935874,404,,
446201,100649537,1394516260,404,,
81533,100655565,1395648341,404,,
81533,100649537,1394508089,404,,
81533,100645328,1393922111,404,,
3234783,100647383,1394079575,404,,
2734695,100649537,1394504489,404,,
1678080,100646680,1393939959,404,,
991037,100646680,1393933067,404,,
3431946,100649537,1394509226,404,,
3431946,100647243,1394070311,404,,
4284598,100649537,1394501976,404,,
5742667,100649537,1394502193,404,,
2374076,100655565,1395646922,404,,
2374076,100649537,1394500438,404,,
2374076,100648402,1394200728,404,,
3463069,100649537,1394501718,404,,
2925044,100649537,1394505989,404,,
6271389,100649537,1394520841,404,,
1304612,100649537,1394520359,404,,
1304612,100646680,1393936565,404,,
3845200,100649537,1394506511,404,,
602498,100647243,1394104049,404,,
1607789,100649537,1394528720,404,,
2294826,100647243,1394087885,404,,
5941888,100649537,1394506574,404,,
5941888,100649537,1394506107,404,,
5077346,100648043,1394419973,404,,
294875,100646680,1393935843,404,,
13255,100646680,1393938332,404,,
1052825,100646680,1393939085,404,,
2484065,100646680,1393939297,404,,
1978356,100649537,1394510364,404,,
845768,100649537,1394504742,404,,
845768,100649449,1394452220,404,,
845768,100646680,1393931322,404,,
585572,100647243,1394077956,404,,
585572,100644660,1393818573,404,,
3246199,100648402,1394263754,404,,
3246199,100647243,1394083899,404,,
1564797,100646680,1393938032,404,,
897125,100649537,1394503779,404,,
4673209,100649537,1394503898,404,,
3757245,100647243,1394150875,404,,
5712148,100649537,1394508433,404,,
920883,100644660,1394094600,404,,
6859884,100649537,1394522695,404,,
5742937,100649537,1394509917,404,,
277164,100648334,1394328669,404,,
1854644,100648334,1394411693,404,,
3662833,100653757,1395242625,404,,
1254500,100649537,1394522524,404,,
2911653,100648043,1394163238,404,,
2911653,100645328,1393982954,404,,
2498245,100649537,1394501498,404,,
2189273,100655565,1395648001,404,,
477961,100649537,1394531950,404,,
2008998,100648402,1394363589,404,,
2008998,100646680,1393934786,404,,
2453287,100655565,1395656301,404,,
2453287,100648402,1394238003,404,,
2269000,100655565,1395635512,404,,
6103020,100656170,1395747983,404,,
5711922,100649537,1394499506,404,,
338303,100648402,1394273301,404,,
1378759,100649537,1394499610,404,,
1837933,100646680,1393940408,404,,
6860629,100649537,1394516556,404,,
294218,100646661,1394370872,404,,
294218,100643170,1393739209,404,,
3915009,100648103,1394176687,404,,
6478858,100649537,1394512042,404,,
1855362,100649537,1394508719,404,,
1855362,100646680,1393936599,404,,
6825605,100649537,1394501345,404,,
1855473,100646680,1393941971,404,,
6148469,100647383,1394523285,404,,
5743122,100649537,1394514412,404,,
5743122,100649537,1394514179,404,,
197654,100649537,1394501591,404,,
1378746,100649537,1394500043,404,,
109441,100658670,1396236862,404,,
109441,100649537,1394501418,404,,
1868405,100649537,1394500682,404,,
726356,100649537,1394506238,404,,
1426450,100649537,1394514638,404,,
4954325,100649537,1394505088,404,,
2981194,100649537,1394516084,404,,
6271835,100649537,1394503837,404,,
3757763,100648070,1394195500,404,,
29970,100655565,1395642957,404,,
11490170,100628408,1395889460,404,,
1334970,100646680,1393941940,404,,
3964971,100649537,1394507109,404,,
126948,100646680,1393941246,404,,
5994168,100649537,1394504995,404,,
5994168,100649537,1394504988,404,,
2605830,100648334,1394202731,404,,
2605830,100648402,1394202717,404,,
967598,100649537,1394501984,404,,
884517,100647383,1394504189,404,,
6029051,100649537,1394513577,404,,
2465852,100655565,1395637432,404,,
2465852,100646680,1393939616,404,,
2682526,100647383,1394024154,404,,
637760,100649537,1394509163,404,,
637760,100646680,1393939375,404,,
4672848,100649537,1394529286,404,,
1254953,100646680,1393937728,404,,
2699508,100649537,1394502273,404,,
1977433,100649537,1394499782,404,,
4625265,100653757,1395227015,404,,
1868716,100649537,1394510332,404,,
3982694,100649537,1394504976,404,,
814491,100648070,1394253834,404,,
814491,100644660,1393815236,404,,
3601099,100649537,1394499634,404,,
1565684,100646680,1393936004,404,,
5819271,100649537,1394512089,404,,
2391781,100647383,1394029069,404,,
2391781,100646680,1393941301,404,,
5528499,100649537,1394512038,404,,
1954958,100649537,1394504788,404,,
1954958,100646680,1393943438,404,,
3965259,100655565,1395637510,404,,
3965259,100649537,1394501501,404,,
655144,100655565,1395641008,404,,
655144,100649537,1394511446,404,,
655144,100649537,1394506293,404,,
655144,100649537,1394501780,404,,
4518202,100649537,1394515932,404,,
532737,100655565,1395634876,404,,
4971852,100649537,1394531634,404,,
369350,100646728,1394006503,404,,
884284,100646680,1393936407,404,,
432066,100647926,1394180323,404,,
1007544,100646680,1393940145,404,,
2589000,100646680,1393938928,404,,
549455,100653757,1395237487,404,,
1271193,100649537,1394508120,404,,
3601876,100647243,1394069854,404,,
1348968,100646728,1393943627,404,,
10103704,100658670,1396233835,404,,
777912,100649537,1394504952,404,,
777912,100647926,1394167507,404,,
4392561,100649537,1394512573,404,,
5130441,100649537,1394517195,404,,
1192451,100648619,1394261981,404,,
6539730,100649537,1394508705,404,,
1104315,100646680,1393935169,404,,
2497356,100646680,1393938046,404,,
3740797,100647484,1394156611,404,,
4104280,100649449,1394450697,404,,
4104280,100648402,1394372791,404,,
2514904,100649537,1394516318,404,,
6101752,100649537,1394505265,404,,
7327958,100652943,1395130366,404,,
152880,100648701,1394364777,404,,
937049,100649537,1394514045,404,,
1348657,100649537,1394508880,404,,
5464235,100655565,1395642119,404,,
5464235,100649537,1394503926,404,,
1395296,100646680,1393935300,404,,
6678151,100649537,1394507618,404,,
509576,100647414,1394110410,404,,
4020693,100648402,1394234852,404,,
725679,100647882,1394179600,404,,
725679,100647243,1394070625,404,,
1730106,100647866,1394116242,404,,
5559498,100649537,1394533707,404,,
135236,100648070,1394188852,404,,
135236,100646680,1393934815,404,,
369683,100644660,1393862195,404,,
4121876,100648402,1394196416,404,,
5837698,100649537,1394520442,404,,
2925756,100649537,1394504635,404,,
2110573,100649537,1394501998,404,,
5767343,100649537,1394503778,404,,
4073594,100649537,1394499517,404,,
6539313,100649537,1394513184,404,,
5802448,100649537,1394526892,404,,
324372,100649537,1394498452,404,,
324372,100648402,1394241625,404,,
324372,100647882,1394179234,404,,
1131015,100646680,1393936207,404,,
29288,100648179,1394186287,404,,
29288,100645328,1394185999,404,,
2172855,100647243,1394097150,404,,
5078038,100649537,1394510556,404,,
707654,100649537,1394504427,404,,
534386,100647812,1394152332,404,,
10120902,100653757,1395234774,404,,
2250284,100646680,1393940794,404,,
492215,100645328,1393815245,404,,
950293,100649537,1394513218,404,,
1590054,100655565,1395642928,404,,
1590054,100649537,1394510153,404,,
1590054,100649537,1394505218,404,,
1504729,100648701,1394278965,404,,
1838887,100655565,1395658765,404,,
883642,100652943,1395123656,404,,
1227256,100646680,1393940318,404,,
5184880,100649537,1394501928,404,,
11091377,100657846,1396249664,404,,
11091377,100657892,1396249267,404,,
11091377,100657894,1396249214,404,,
1130913,100646680,1393935169,404,,
125736,100648402,1394246054,404,,
2752731,100656170,1395901903,404,,
1487202,100646680,1393938861,404,,
10450587,100653757,1395288520,404,,
9521641,100658670,1396236413,404,,
828760,100648043,1394178931,404,,
5387483,100649537,1394510291,404,,
1473729,100646680,1393935575,404,,
1288785,100649537,1394500402,404,,
12372192,100656473,1395980790,404,,
75398,100648179,1394414620,404,,
75398,100647243,1394074986,404,,
5511741,100649537,1394503669,404,,
1869327,100648402,1394245983,404,,
1624600,100655565,1395651187,404,,
5854365,100649537,1394500388,404,,
2284739,100655565,1395636051,404,,
2284739,100646680,1393941879,404,,
2077567,100649537,1394514367,404,,
5854449,100649537,1394514333,404,,
5854449,100649537,1394503742,404,,
5854449,100649537,1394502883,404,,
5729175,100649537,1394519750,404,,
5130829,100653757,1395237490,404,,
231780,100648070,1394170595,404,,
231780,100647243,1394072805,404,,
231780,100645737,1393835125,404,,
1976812,100646680,1393936549,404,,
3385792,100649537,1394499892,404,,
1244173,100646680,1393936804,404,,
1244173,100645328,1393926537,404,,
1535575,100649537,1394499716,404,,
2094693,100646680,1393939303,404,,
5560012,100655565,1395660252,404,,
5820323,100649537,1394504348,404,,
1334130,100653757,1395237850,404,,
125508,100645131,1393641749,404,,
1037621,100646680,1393940584,404,,
5744474,100649537,1394520130,404,,
370232,100649537,1394525505,404,,
1054467,100649537,1394506777,404,,
3584586,100655565,1395672371,404,,
370212,100655833,1395676918,404,,
603843,100647243,1394088316,404,,
1566599,100649537,1394518316,404,,
1020333,100646680,1393936129,404,,
6824947,100649537,1394513620,404,,
937977,100649537,1394504338,404,,
937977,100647243,1394173885,404,,
937977,100647243,1394173564,404,,
937977,100647243,1394091917,404,,
937977,100647243,1394089065,404,,
937977,100647243,1394084106,404,,
937977,100647243,1394083731,404,,
3879296,100649537,1394509165,404,,
6031956,100649537,1394525114,404,,
1334061,100649537,1394512054,404,,
478649,100656170,1395908517,404,,
5713423,100649537,1394511847,404,,
6998128,100655565,1395649792,404,,
6998128,100652943,1395130248,404,,
1487013,100646680,1393935130,404,,
1487013,100646680,1393934752,404,,
5802957,100649537,1394499253,404,,
3430887,100653757,1395241750,404,,
1089024,100646680,1393941995,404,,
2804758,100649537,1394529256,404,,
3645899,100648402,1394235790,404,,
2024859,100646680,1393935162,404,,
1318754,100646680,1393938852,404,,
1318754,100646680,1393938202,404,,
950847,100646680,1393938637,404,,
4410890,100648402,1394349751,404,,
1210944,100649537,1394502466,404,,
1575228,100649537,1394507400,404,,
371115,100649537,1394501001,404,,
1623069,100646680,1393940044,404,,
3664489,100646861,1394086408,404,,
15250,100647243,1394075969,404,,
15271,100649537,1394507978,404,,
15271,100646680,1393940125,404,,
3985133,100655565,1395642845,404,,
3985133,100649537,1394508432,404,,
4869338,100649537,1394523036,404,,
4869338,100649537,1394500130,404,,
1429057,100646680,1393942384,404,,
812780,100648402,1394215187,404,,
45765,100649537,1394504785,404,,
1302630,100646680,1393934455,404,,
899248,100658670,1396248421,404,,
2328020,100646680,1393936600,404,,
1455811,100646680,1393940416,404,,
1103196,100647243,1394086477,404,,
3772757,100658670,1396233161,404,,
3772757,100647926,1394170846,404,,
3772757,100647882,1394170834,404,,
3772757,100648043,1394170822,404,,
744313,100644660,1393827150,404,,
6009173,100652943,1395129110,404,,
154054,100646680,1393939441,404,,
1800208,100646680,1393943272,404,,
1516965,100646680,1393935482,404,,
3882699,100647243,1394187908,404,,
3369909,100646976,1394074059,404,,
1905168,100649537,1394500957,404,,
5886906,100649537,1394512010,404,,
968977,100646680,1393940634,404,,
5939817,100649537,1394508142,404,,
5939817,100649537,1394507720,404,,
968984,100649537,1394508643,404,,
2343056,100655565,1395652205,404,,
2343056,100646680,1393940646,404,,
1023804,100646680,1393937160,404,,
565984,100649537,1394515786,404,,
3587325,100649537,1394500216,404,,
495261,100649537,1394507574,404,,
3338455,100647812,1394116559,404,,
3338455,100647859,1394115925,404,,
1471363,100646680,1393937653,404,,
1471363,100646680,1393935883,404,,
3932909,100649537,1394507331,404,,
1287439,100646680,1393938226,404,,
5025393,100649537,1394498902,404,,
3772626,100649537,1394499036,404,,
759692,100649537,1394531791,404,,
1332681,100646680,1393940332,404,,
8418912,100658670,1396247680,404,,
5745055,100649537,1394504195,404,,
3200634,100649537,1394509131,404,,
495113,100647802,1394166646,404,,
398486,100648402,1394431209,404,,
231113,100647243,1394092006,404,,
1505983,100646680,1393940796,404,,
1134294,100646680,1393942608,404,,
847441,100649537,1394502056,404,,
449014,100647866,1394113958,404,,
449014,100646680,1393931392,404,,
3323023,100647926,1394162943,404,,
2327784,100646680,1393942391,404,,
2159958,100649537,1394514077,404,,
5727332,100649537,1394509509,404,,
1085682,100646680,1393935636,404,,
1023974,100646680,1393941370,404,,
2060737,100649537,1394514080,404,,
1551620,100646680,1393937131,404,,
968723,100646680,1393937829,404,,
5856036,100649537,1394509952,404,,
5770466,100649537,1394506611,404,,
5059673,100655565,1395646409,404,,
4921986,100649537,1394502564,404,,
5957536,100649537,1394526518,404,,
1102855,100649537,1394500421,404,,
6322406,100649537,1394502174,404,,
154401,100655833,1395708440,404,,
154401,100655565,1395636846,404,,
154401,100648043,1394167664,404,,
1990944,100646680,1393940602,404,,
3464461,100649537,1394502131,404,,
2297536,100646680,1393938105,404,,
6663674,100649537,1394502664,404,,
2592742,100655565,1395657392,404,,
2096064,100649537,1394510920,404,,
1816516,100649537,1394502576,404,,
1816516,100646680,1393934981,404,,
1332760,100646680,1393942251,404,,
6476863,100649537,1394502087,404,,
169724,100647926,1394268140,404,,
169724,100647243,1394189069,404,,
169724,100646680,1393937267,404,,
6009629,100649537,1394504246,404,,
1887747,100646680,1393940755,404,,
2495901,100649537,1394500229,404,,
169691,100648402,1394290033,404,,
169691,100648043,1394171990,404,,
169691,100646728,1393978321,404,,
1490283,100649537,1394506164,404,,
1490283,100649537,1394500576,404,,
5281735,100649537,1394514860,404,,
899789,100646680,1393938379,404,,
3552915,100655565,1395644582,404,,
3552915,100649537,1394502803,404,,
1532763,100655565,1395647923,404,,
1532763,100646680,1393941881,404,,
10994613,100658356,1396140328,404,,
10994613,100655833,1395733831,404,,
3323866,100649537,1394514270,404,,
4287231,100648402,1394280549,404,,
2297346,100649537,1394506468,404,,
2424469,100653757,1395240020,404,,
4157650,100648402,1394206259,404,,
653066,100649537,1394513991,404,,
3014102,100649537,1394508815,404,,
4900364,100649537,1394506956,404,,
7067408,100647243,1394620423,404,,
743572,100646661,1394020610,404,,
5840181,100649537,1394516912,404,,
653074,100646680,1393943607,404,,
1888129,100653757,1395267748,404,,
5683444,100655565,1395650879,404,,
2266443,100648402,1394284646,404,,
2266443,100647243,1394079536,404,,
2944749,100649537,1394503047,404,,
62849,100658356,1396173534,404,,
11142518,100655565,1395633758,404,,
1785699,100646680,1393940700,404,,
5745551,100649537,1394516328,404,,
2701340,100648402,1394417765,404,,
2701340,100646976,1394012545,404,,
5112831,100555032,1394439010,404,,
2573201,100649537,1394502280,404,,
2573201,100647243,1394177973,404,,
2573201,100647484,1394077026,404,,
3120996,100649537,1394514461,404,,
5886181,100649537,1394525125,404,,
5745485,100649537,1394512344,404,,
3568397,100647243,1394070019,404,,
5840317,100649537,1394522409,404,,
10917126,100655565,1395639809,404,,
1552243,100649537,1394508733,404,,
76614,100649537,1394504633,404,,
5801825,100649537,1394505660,404,,
846866,100649537,1394502430,404,,
4566627,100648402,1394364453,404,,
8123554,100655565,1395650686,404,,
5770986,100649537,1394504640,404,,
3882481,100655565,1395647221,404,,
3882481,100649537,1394505595,404,,
3882486,100655565,1395644201,404,,
169886,100645328,1393862825,404,,
5840328,100649537,1394523831,404,,
6567646,100649537,1394511631,404,,
1592852,100649537,1394501429,404,,
1677270,100646680,1393940697,404,,
11454398,100655565,1395717893,404,,
1412763,100646680,1393934495,404,,
6896402,100649537,1394506914,404,,
3829168,100647866,1394152493,404,,
4002976,100649537,1394507259,404,,
5198605,100649537,1394507208,404,,
123387,100646661,1393943770,404,,
5817386,100646976,1394496241,404,,
5817386,100648334,1394493341,404,,
3603788,100649537,1394529095,404,,
3067885,100648043,1394168728,404,,
137686,100644660,1394375120,404,,
137686,100640284,1393657696,404,,
137686,100628992,1393657408,404,,
3912581,100649537,1394513109,404,,
3448771,100649537,1394526318,404,,
1148444,100646680,1393940214,404,,
1148444,100646680,1393938191,404,,
2573343,100653757,1395238550,404,,
2313411,100646680,1393938165,404,,
13045442,100658670,1396241865,404,,
5786891,100649537,1394524875,404,,
5198768,100655565,1395655736,404,,
123221,100658670,1396240968,404,,
123221,100645328,1393992831,404,,
9706635,100645663,1395904924,404,,
3245277,100647859,1394162458,404,,
5870440,100649537,1394525415,404,,
5761214,100649537,1394496345,404,,
185344,100648334,1394356359,404,,
185344,100647782,1394173374,404,,
3291180,100649537,1394506853,404,,
8123334,100655565,1395655493,404,,
900282,100649537,1394511326,404,,
728029,100655565,1395647269,404,,
31665,100649537,1394505938,404,,
1148787,100649537,1394503595,404,,
6368158,100658670,1396248853,404,,
6368158,100649537,1394500387,404,,
5839702,100649537,1394502264,404,,
3245413,100648402,1394223455,404,,
5839696,100649537,1394502171,404,,
4883590,100649537,1394500801,404,,
326449,100658356,1396071589,404,,
5956425,100649537,1394527400,404,,
705574,100655565,1395643280,404,,
137428,100649537,1394504433,404,,
123015,100645737,1393859222,404,,
4226573,100648070,1394287166,404,,
1550840,100646680,1393938614,404,,
6239728,100649537,1394500056,404,,
2283446,100655565,1395660055,404,,
2283446,100646680,1393941513,404,,
657754,100648334,1394512398,404,,
3613358,100649537,1394499374,404,,
3401522,100655565,1395636518,404,,
5994760,100649537,1394527857,404,,
5769409,100649537,1394521103,404,,
4018654,100649537,1394507718,404,,
4193856,100649537,1394502786,404,,
5769449,100649537,1394522606,404,,
77119,100659282,1396262464,404,,
77119,100658499,1396171376,404,,
77119,100658489,1396164062,404,,
77119,100647802,1394103746,404,,
77119,100646661,1393936518,404,,
3291445,100647243,1394076446,404,,
3912197,100649537,1394516763,404,,
5279916,100649537,1394513690,404,,
2266059,100649537,1394503205,404,,
3673772,100649537,1394502646,404,,
1101911,100649537,1394499614,404,,
776089,100646680,1393938545,404,,
337512,100649537,1394502389,404,,
5059537,100649537,1394503735,404,,
2803014,100646728,1393998210,404,,
3412995,100647940,1394159552,404,,
9097077,100653757,1395232302,404,,
3525225,100647243,1394073648,404,,
1021958,100649537,1394506921,404,,
2388987,100649537,1394516161,404,,
2388987,100646680,1393937990,404,,
1224962,100649537,1394505412,404,,
1224962,100649537,1394502850,404,,
1224962,100649537,1394499967,404,,
1224962,100648402,1394331686,404,,
6705662,100649537,1394506526,404,,
5856483,100649537,1394529452,404,,
5887340,100649537,1394507226,404,,
61625,100653757,1395235632,404,,
61625,100649537,1394512337,404,,
1956235,100649537,1394502935,404,,
1454200,100653757,1395236449,404,,
1454200,100646680,1393942646,404,,
1004909,100649537,1394502496,404,,
6082182,100649537,1394501322,404,,
9677373,100655565,1395641939,404,,
866226,100647243,1394067177,404,,
2842533,100648402,1394197950,404,,
1316455,100649537,1394512494,404,,
1316455,100648402,1394209069,404,,
1316455,100646680,1393939379,404,,
186006,100653757,1395275582,404,,
4018915,100649537,1394507196,404,,
5856311,100649537,1394521084,404,,
3719342,100647243,1394170709,404,,
3551928,100647812,1394110186,404,,
3551928,100647802,1394108365,404,,
636468,100652943,1395126823,404,,
636468,100645328,1393817537,404,,
4141057,100648416,1394353364,404,,
3703893,100647782,1394415810,404,,
3703893,100647243,1394156294,404,,
5909953,100649537,1394507436,404,,
46235,100655565,1395644731,404,,
5024243,100648402,1394424513,404,,
1692036,100649537,1394507897,404,,
4239593,100649537,1394510044,404,,
535773,100649537,1394498747,404,,
5761680,100649537,1394517066,404,,
1366918,100646680,1393938381,404,,
5818085,100649537,1394516323,404,,
5800472,100649537,1394507314,404,,
77384,100648070,1394169993,404,,
77384,100647940,1394162041,404,,
77384,100644660,1393816474,404,,
535784,100649537,1394509666,404,,
15697,100658356,1396055491,404,,
15697,100647866,1395967335,404,,
15697,100647882,1394290656,404,,
15697,100645328,1393762910,404,,
15697,100643170,1393643096,404,,
658187,100649537,1394501160,404,,
1004568,100649537,1394513718,404,,
1004568,100649537,1394510413,404,,
450352,100649537,1394506719,404,,
1163656,100649537,1394506865,404,,
1163656,100649537,1394506503,404,,
1956066,100649537,1394507448,404,,
4504013,100649537,1394505424,404,,
1906079,100655565,1395647348,404,,
1974405,100655833,1395742759,404,,
5839198,100649537,1394529576,404,,
5995411,100649537,1394506871,404,,
744694,100646728,1393994351,404,,
353258,100655833,1395675544,404,,
353258,100647812,1394114496,404,,
6926798,100649537,1394509104,404,,
5711443,100649537,1394503025,404,,
4018988,100655565,1395641047,404,,
4018988,100649537,1394514131,404,,
1071997,100649537,1394513733,404,,
387669,100649537,1394516992,404,,
1148382,100646680,1393939961,404,,
9027335,100383785,1395014245,404,,
9027335,100408644,1395000246,404,,
9027335,100326491,1394998336,404,,
9027335,100383785,1394988351,404,,
9027335,100383785,1394986922,404,,
9027335,100000166,1394934186,404,,
9027335,100383785,1394926438,404,,
9027335,100082929,1394893317,404,,
9027335,100227931,1394892852,404,,
9027335,100218864,1394892292,404,,
9027335,100593225,1394889290,404,,
9027335,100427640,1394863433,404,,
3812068,100647243,1394173145,404,,
3812068,100648043,1394172251,404,,
1224914,100649537,1394505664,404,,
1533506,100646680,1393938610,404,,
581829,100649537,1394502361,404,,
581829,100648402,1394234209,404,,
5909749,100649537,1394502117,404,,
4883998,100649451,1394448363,404,,
3120071,100655565,1395635809,404,,
3120071,100649537,1394522588,404,,
1351196,100646680,1393939405,404,,
4158943,100649537,1394510181,404,,
61761,100647802,1394181192,404,,
61761,100646976,1394033879,404,,
61761,100646976,1394031984,404,,
61761,100646976,1394030336,404,,
61761,100645633,1394029683,404,,
61761,100644660,1393921837,404,,
61761,100644660,1393913309,404,,
61761,100645743,1393913277,404,,
3463309,100647782,1394105259,404,,
493593,100645328,1393837666,404,,
2314121,100646680,1393936519,404,,
